"","id","values","ID","Functional","Treatmentb","STREETNAME","PlanActivi","From1","BeginningS","EndingStat","PavementWi","Length","To1","NPR","OCI","ExtendedCo","Route_ID","Inspection"
"0","0",5,"116","RT - Residential Local","PM","CLEVELAND ST","(PM) Pavement Patching","CENTRAL ST",0,496,26.5,496,"HARVARD ST",53.29,56.8,29135.78,116,"2012/09/28"
"1","1",9,"123","CO - Collector","PM","CONCORD AVE","(PM) Pavement Patching","PROSPECT ST",0,1049,26.5,1049,"SPRINGFIELD ST",68.49,49.9,61619.96,123,"2012/10/16"
"2","2",6,"378","RT - Residential Local","BR","MEACHAM RD","(BR) Recon/Reclaim Local w/ramps","CAMBRIDGE TOWNLINE",0,1076,26.5,1076,"DOVER ST",64.42,20.62,477609.17,378,"2014/11/25"
"3","3",8,"381.1","CO - Collector","SI","MEDFORD ST","(SI) 3"" Mill & Overlay Art/Col w/ramps","SOUTH ST",535,1626,33,1091,"SOMERVILLE AVE",71.78,39.22,392992.42,381,"2012/10/18"
"4","4",6,"408.1","CO - Collector","PM","MOUNT VERNON ST","(PM) Pavement Patching","PEARL ST",1089,1744,26.5,655,"WASHINTON ST",66.26,52.14,38475.77,408,"2012/10/05"
"5","5",5,"41.15","AR - Arterial","SI","BEACON ST","(SI) 3"" Mill & Overlay Art/Col w/ramps","PROPERZI WAY (S)",2551,3547,42.5,996,"135' S OF KENT ST",76.42,36.64,462055.14,41,"2012/11/05"
"6","6",7,"191","RT - Residential Local","DN","ESSEX ST","Do Nothing","RICHDALE ST",0,281,25.5,281,"MEDFORD ST",40.2,99.34,0,191,"2012/06/26"
"7","7",3,"198","RE - Residential Dead End","DN","FAIRLEE ST","Do Nothing","CHERRY ST",0,167,19.5,167,"DEAD END",27.8,97.16,0,198,"2014/10/27"
"8","8",1,"255","RT - Residential Local","DN","HAMMOND ST","Do Nothing","CONCORD AVE",0,315,26.5,315,"DICKENSON ST",40.1,99.69,0,255,"2012/09/25"
"9","9",7,"26","RT - Residential Local","DN","ASSEMBLY SQ DR","Do Nothing","FELLSWAY WEST",0,4536,62,4536,"MYSTIC AVE",41.71,94.43,0,26,"2012/11/03"
"10","10",8,"289","RT - Residential Local","PM","HOLYOKE RD","(PM) Pavement Patching","ELM ST (E)",0,696,26.5,696,"ELM ST (W)",55.53,49.52,40884.13,289,"2014/10/24"
"11","11",7,"293","RT - Residential Local","RM","HOUGHTON ST","(RM) Crack Seal","CAMBRIDGE TOWNLINE",0,699,27.5,699,"SPRINGFIELD ST",45.6,81.8,3225.1,293,"2012/09/25"
"12","12",6,"329","RE - Residential Dead End","PM","LANDERS ST","(PM) Pavement Patching","SCHOOL ST",0,244,27,244,"DEAD END",40.17,56.94,14603.4,329,"2012/10/27"
"13","13",5,"335","RT - Residential Local","PM","LEE ST","(PM) Pavement Patching","RICHDALE AVE",0,438,26,438,"MEDFORD ST",53.34,56.64,25243.33,335,"2012/09/27"
"14","14",7,"164","RT - Residential Local","PM","DIMICK ST","(PM) Pavement Patching","CONCORD AVE",0,989,27,989,"CALVIN ST",52.28,60.08,59191.65,164,"2012/09/25"
"15","15",5,"173","RE - Residential Dead End","RM","EARLE ST","(RM) Crack Seal","SOUTH ST",0,267,26,299,"NORTHERLY",37,67.25,1304.31,173,"2012/11/03"
"16","16",4,"105","RT - Residential Local","SI","CHARNWOOD RD","(SI) 2"" Mill & Overlay Local w/ramps","WILLOW AVE",0,634,26,634,"HANCOCK ST",57.96,41.64,151689.8,105,"2014/10/24"
"17","17",2,"110","RT - Residential Local","RM","CHESTNUT ST","(RM) Crack Seal","POPLAR ST",0,894,40,894,"FITCHBURG ST",43.91,87.28,5999.73,110,"2012/09/19"
"18","18",10,"364","RT - Residential Local","DN","MADISON ST","Do Nothing","SCHOOL ST",0,935,26,935,"SYCAMORE ST",41.81,94.13,0,364,"2012/09/27"
"19","19",5,"370","RT - Residential Local","RM","MANSFIELD ST","(RM) Crack Seal","SOMERVILLE AVE",0,837,26.5,837,"WASHINGTON ST",44.6,85.04,3721.4,370,"2012/09/13"
"20","20",5,"398","RT - Residential Local","RM","MORELAND ST","(RM) Crack Seal","MAIN ST",0,1555,26.5,1555,"MYSTIC AVE",45.88,80.9,6913.7,398,"2012/09/20"
"21","21",5,"403","RT - Residential Local","RM","MORTON ST","(RM) Crack Seal","KNOWLTON ST",0,326,26.5,326,"GLEN ST",47.46,75.76,1449.43,403,"2012/09/20"
"22","22",8,"185.1","CO - Collector","PM","ELM ST","(PM) Pavement Patching","RUSSELL ST",3788,4779,38,991,"DAY ST",61.75,66.81,83475.19,185,"2014/11/25"
"23","23",1,"220.1","CO - Collector","RM","FRANKLIN ST","(RM) Crack Seal","PEARL ST",1080,2336,25.5,1256,"WASHINGTON ST",59.05,75.6,5373.59,220,"2012/10/05"
"24","24",2,"242","RT - Residential Local","SI","GRANITE ST","(SI) 2"" Mill & Overlay Local w/ramps","SOMERVILLE AVE",0,466,26.5,466,"OSGOOD ST",57.65,42.64,113638.15,242,"2012/08/30"
"25","25",3,"25","RT - Residential Local","PM","ASHLAND ST","(PM) Pavement Patching","SUMMER ST",0,521,20,521,"SARTWELL AVE",55.78,48.72,23097.71,25,"2014/10/27"
"26","26",1,"277.04","CO - Collector","PM","HIGHLAND AVE","(PM) Pavement Patching","CHERRY ST",6693,8371,39.5,1678,"ELLINGTON RD",67.94,49.2,146922.97,277,"2012/11/05"
"27","27",1,"280","RT - Residential Local","PM","HILL ST","(PM) Pavement Patching","BROADWAY (E)",0,338,26.5,338,"FAIRMOUNT AVE",54.89,51.6,19854.64,280,"2014/11/18"
"28","28",7,"315.1","RT - Residential Local","DN","JOSEPHINE AVE","Do Nothing","KIDDER AVE",793,1781,30,988,"BROADWAY (E)",41.62,94.73,0,315,"2014/10/24"
"29","29",7,"321.1","CO - Collector","RM","KIDDER AVE","(RM) Crack Seal","WILLOW AVE",1422,2608,26,1186,"BOSTON AVE (S)",56.65,83.4,5173.59,321,"2014/11/18"
"30","30",1,"153.1","CO - Collector","PM","DANE ST","(PM) Pavement Patching","120' S OF VILLAGE ST",700,1408,27,708,"WASHINGTON ST",62.71,63.69,42373.8,153,"2012/10/02"
"31","31",10,"16","RT - Residential Local","RM","ALLEN ST","(RM) Crack Seal","SOMERVILLE AVE",0,667,15,667,"CHARLESTOWN ST",45.48,82.2,1678.62,16,"2012/09/13"
"32","32",4,"1001.12","CO - Collector","SI","BROADWAY","(SI) 3"" Mill & Overlay Art/Col w/ramps","WALLACE ST",4233,5328,48,1095,"C0LLEGE AVE",69.92,42.76,573721.6,1001,"2014/11/26"
"33","33",5,"1001.5","CO - Collector","SI","BROADWAY","(SI) 3"" Mill & Overlay Art/Col w/ramps","205' E OF MEDFORD ST",9057,9782,59.5,725,"GLENWOOD RD",70.57,40.64,470870.21,1001,"2012/10/19"
"34","34",10,"385","RT - Residential Local","RM","MERRIAM ST","(RM) Crack Seal","CHARLESTOWN ST",0,978,24,978,"WASHINGTON ST",45.03,83.65,3938.08,385,"2012/09/13"
"35","35",5,"391","RT - Residential Local","PM","MINNESOTA AVE","(PM) Pavement Patching","BROADWAY (W)",0,572,25,572,"PENNSYLVANIA AVE",50.94,64.46,31698.36,391,"2012/09/20"
"36","36",9,"423","RT - Residential Local","SI","NEW WASHINGTON ST","(SI) 2"" Mill & Overlay Local w/ramps","INNER BELT RD",0,1744,45,1744,"WASHINGTON ST",61.29,30.82,722190.4,423,"2012/11/03"
"37","37",6,"210","RT - Residential Local","SI","FLORENCE ST","(SI) 2"" Mill & Overlay Local w/ramps","WASHINGTON ST",0,910,26.5,910,"PEARL ST",57.28,43.84,221911.22,210,"2012/09/13"
"38","38",4,"215","RT - Residential Local","DN","FOUNTAIN AVE","Do Nothing","CROSS ST",0,617,20,617,"GLEN ST",41.83,94.04,0,215,"2012/09/19"
"39","39",7,"228","RE - Residential Dead End","BR","GILES PARK","(BR) Recon/Reclaim Local w/ramps","WALNUT ST",0,181,23,181,"DEAD END",52.28,17.59,69730.92,228,"2012/09/19"
"40","40",4,"236","RT - Residential Local","PM","GORDON ST","(PM) Pavement Patching","NORTH ST",0,1316,26.5,1316,"ALEWIFE BROOK PKWY",52.36,59.84,77304.06,236,"2014/11/18"
"41","41",4,"271","RT - Residential Local","PM","HEATH ST","(PM) Pavement Patching","TEMPLE ST",0,1889,30,1889,"MORELAND ST",52.38,59.76,125618.57,271,"2012/10/03"
"42","42",8,"276","RT - Residential Local","SI","HIGH ST","(SI) 2"" Mill & Overlay Local w/ramps","NORTH ST",0,740,26.5,740,"ALEWIFE BROOK PKWY",57.96,41.64,180455.67,276,"2014/11/18"
"43","43",8,"304","RT - Residential Local","DN","IRVING ST","Do Nothing","HOLLAND ST",0,1246,26.5,1246,"BROADWAY (E)",41.27,95.88,0,304,"2014/11/05"
"44","44",5,"309","RT - Residential Local","PM","JAQUES ST","(PM) Pavement Patching","FELLSWAY WEST",0,1258,26.5,1258,"TEMPLE ST",53.07,57.52,73896.99,309,"2012/09/20"
"45","45",9,"346","RE - Residential Dead End","DN","LINCOLN PKWY","Do Nothing","JOSEPH ST",0,428,26.5,428,"CUL-DE-SAC",27.05,99.6,0,346,"2012/09/14"
"46","46",9,"353","RT - Residential Local","SI","LINE ST","(SI) 2"" Mill & Overlay Local w/ramps","WASHINGTON ST",0,1632,22.5,1632,"CAMBRIDGE TOWNLINE",60.28,34.08,337905.6,353,"2012/09/25"
"47","47",6,"141","CO - Collector","PM","CROSS ST","(PM) Pavement Patching","BROADWAY (E)",0,2631,33.5,2631,"McGRATH HWY",65.17,55.71,195373.74,141,"2012/10/08"
"48","48",8,"149","RT - Residential Local","PM","CUTTER AVE","(PM) Pavement Patching","ELM ST",0,659,26,659,"HIGHLAND AVE",51.62,62.24,37980.41,149,"2014/10/27"
"49","49",8,"122","RT - Residential Local","DN","COLUMBUS AVE","Do Nothing","WASHINGTON ST",0,1480,26.5,1480,"WALNUT ST",40.18,99.4,0,122,"2012/09/12"
"50","50",9,"129","RE - Residential Dead End","DN","CONWELL ST","Do Nothing","HIGHLAND AVE",0,392,23,392,"DEAD END",27.07,99.53,0,129,"2012/06/15"
"51","51",5,"381","CO - Collector","SI","MEDFORD ST","(SI) 3"" Mill & Overlay Art/Col w/ramps","CAMBRIDGE TOWNLINE",0,535,35,535,"SOUTH ST",71.78,39.22,204394.21,381,"2012/10/18"
"52","52",3,"381.41","CO - Collector","SI","MEDFORD ST","(SI) 3"" Mill & Overlay Art/Col w/ramps","LEE ST",7384,8115,38,728,"CENTRAL ST",73.19,32.14,301968.15,381,"2012/10/18"
"53","53",2,"41.1","AR - Arterial","SI","BEACON ST","(SI) 3"" Mill & Overlay Art/Col w/ramps","230' S OF WASHINGTON ST",1655,2551,42.5,896,"PROPERZI WAY (S)",76.42,36.64,415664.25,41,"2012/09/20"
"54","54",1,"414","RT - Residential Local","PM","MYRTLE ST","(PM) Pavement Patching","WASHINGTON ST",0,984,25.5,984,"PEARL ST",54.4,53.2,55620.6,414,"2012/10/05"
"55","55",7,"197","RT - Residential Local","SI","FAIRFAX ST","(SI) 2"" Mill & Overlay Local w/ramps","NORTH ST",0,1019,26,1019,"ALEWIFE BROOK PKWY",57.96,41.64,243803.86,197,"2014/11/18"
"56","56",9,"204","RT - Residential Local","SI","FENWICK ST","(SI) 2"" Mill & Overlay Local w/ramps","BROADWAY (W)",0,697,26,697,"JAQUES ST",61.05,31.6,166763.04,204,"2012/10/03"
"57","57",3,"259","RT - Residential Local","SI","HARDAN RD","(SI) 2"" Mill & Overlay Local w/ramps","POWDER HOUSE BLVD",0,183,26,183,"SOUTHERLY",60.82,32.32,43784.45,259,"2014/11/19"
"58","58",9,"266","RT - Residential Local","SI","HARVARD ST","(SI) 2"" Mill & Overlay Local w/ramps","ATHERTON ST",0,760,26,760,"SUMMER ST",60.38,33.76,181836.28,266,"2012/09/25"
"59","59",2,"292","RE - Residential Dead End","PM","HORACE ST","(PM) Pavement Patching","SOUTH ST",0,520,20,520,"DEAD END",43.53,46.02,23053.42,292,"2012/09/24"
"60","60",8,"297","RT - Residential Local","PM","HUNTING ST","(PM) Pavement Patching","CAMBRIDGE TOWNLINE",0,147,20,147,"SOUTH ST",52.36,59.84,6517.07,297,"2012/09/12"
"61","61",1,"334","RE - Residential Dead End","BR","LAUREL TERR","(BR) Recon/Reclaim Local w/ramps","LAUREL ST",0,250,16,250,"DEAD END",52.79,15.94,66999.33,334,"2012/09/28"
"62","62",7,"339","RT - Residential Local","PM","LESLEY AVE","(PM) Pavement Patching","HIGHLAND AVE",0,389,26.5,389,"LEXINGTON AVE",51.05,64.1,22850.53,339,"2014/10/27"
"63","63",7,"172","RE - Residential Dead End","RM","DURHAM ST","(RM) Crack Seal","HANSON ST",0,476,26.5,476,"BEACON ST",35.23,73,2116.36,172,"2012/08/29"
"64","64",8,"177","RT - Residential Local","PM","EDGAR CT","(PM) Pavement Patching","EDGAR AVE",0,165,26,165,"CENTURY ST",52.5,59.36,9509.57,177,"2012/10/03"
"65","65",4,"11","RE - Residential Dead End","DN","ALBION TERR","Do Nothing","ALBION ST",0,110,15.5,110,"DEAD END",26.98,99.83,0,11,"2012/09/14"
"66","66",4,"115","RT - Residential Local","PM","CLARK ST","(PM) Pavement Patching","NEWTON ST",0,812,23.5,812,"JOSEPH ST",54.52,52.8,42298.39,115,"2012/09/14"
"67","67",6,"37","RT - Residential Local","PM","BARTON ST","(PM) Pavement Patching","BROADWAY (E)",0,432,26.5,432,"HAMILTON RD",51.51,62.6,25376.4,37,"2014/11/12"
"68","68",1,"376","RT - Residential Local","SI","MASON ST","(SI) 2"" Mill & Overlay Local w/ramps","BROADWAY (E)",0,755,26.5,755,"POWDER HOUSE BLVD",60.42,33.64,184113.83,376,"2014/11/12"
"69","69",8,"400.1","CO - Collector","SI","MORRISON AVE","(SI) 3"" Mill & Overlay Art/Col w/ramps","WILLOW AVE",1437,3158,26.5,1721,"COLLEGE AVE",70.11,39.64,497820.39,400,"2014/10/24"
"70","70",10,"408","CO - Collector","SI","MOUNT VERNON ST","(SI) 3"" Mill & Overlay Art/Col w/ramps","BROADWAY (E)",0,1089,26,1089,"PEARL ST",70.24,39.22,309063.04,408,"2012/10/05"
"71","71",5,"185","CO - Collector","RM","ELM ST","(RM) Crack Seal","SOMERVILLE AVE",0,3788,40,3788,"RUSSELL ST",58.34,77.88,25421.7,185,"2014/11/25"
"72","72",7,"190","RT - Residential Local","RM","ENDICOTT AVE","(RM) Crack Seal","BROADWAY (E)",0,931,26.5,931,"HOOKER AVE",44.21,86.32,4139.33,190,"2014/11/12"
"73","73",6,"225","RT - Residential Local","DN","GARRISON AVE","Do Nothing","BROADWAY (E)",0,920,26.5,920,"HOOKER AVE",43.46,88.76,0,225,"2014/11/12"
"74","74",4,"248","RT - Residential Local","SI","GROVE ST","(SI) 2"" Mill & Overlay Local w/ramps","ELM ST",0,1054,26.5,1054,"MORRISON AVE",57.94,41.68,257026.9,248,"2014/11/25"
"75","75",2,"254","RT - Residential Local","RM","HAMLET ST","(RM) Crack Seal","HIGHLAND AVE",0,663,20,663,"BOSTON ST",43.73,87.88,2224.73,254,"2012/09/12"
"76","76",10,"28","RE - Residential Dead End","DN","AUBURN AVE","Do Nothing","CROSS ST",0,497,19,497,"DEAD END",27.04,99.61,0,28,"2012/09/19"
"77","77",5,"287","CO - Collector","PM","HOLLAND ST","(PM) Pavement Patching","DOVER ST",0,2767,38,2767,"BROADWAY (E)",66.81,55.36,233073.66,287,"2014/11/25"
"78","78",10,"321","CO - Collector","SI","KIDDER AVE","(SI) 3"" Mill & Overlay Art/Col w/ramps","COLLEGE AVE",0,1422,26,1422,"WILLOW AVE",70.11,39.64,403569.92,321,"2014/11/18"
"79","79",5,"328","RT - Residential Local","BR","LAKE ST","(BR) Recon/Reclaim Local w/ramps","HAWKINS ST",0,842,26.5,842,"CHURCH ST",64.36,20.84,373742.42,328,"2012/09/14"
"80","80",7,"159","RT - Residential Local","DN","DELAWARE ST","Do Nothing","PEARL ST",0,402,26,402,"McGRATH HWY",40.18,99.4,0,159,"2012/09/19"
"81","81",1,"163","RT - Residential Local","SI","DICKSON ST","(SI) 2"" Mill & Overlay Local w/ramps","BROADWAY",0,329,26.5,329,"FAIRMOUNT AVE",57.06,44.56,80229.39,163,"2014/11/18"
"82","82",10,"1001.4","CO - Collector","SI","BROADWAY","(SI) 3"" Mill & Overlay Art/Col w/ramps","CHARLES E RYAN RD",8392,9057,68,665,"205' E OF MEDFORD ST",70.57,40.64,493600.99,1001,"2012/10/19"
"83","83",1,"102","RT - Residential Local","PM","CHAPEL ST","(PM) Pavement Patching","COLLEGE AVE",0,327,26.5,327,"CHANDLER ST",53.34,56.64,19208.46,102,"2014/11/18"
"84","84",8,"362.1","CO - Collector","SI","LOWELL ST","(SI) 3"" Mill & Overlay Art/Col w/ramps","HUDSON ST",2355,4848,26.5,2493,"MEDFORD ST",70.11,39.64,721130.72,362,"2012/07/02"
"85","85",8,"390","RT - Residential Local","SI","MINER ST","(SI) 2"" Mill & Overlay Local w/ramps","AMES ST",0,286,26,286,"VERNON ST",57.74,42.34,68427.54,390,"2012/10/02"
"86","86",8,"397","RT - Residential Local","PM","MOORE ST","(PM) Pavement Patching","HOLLAND ST",0,748,26.5,748,"MEAD ST",54.35,53.36,43938.68,397,"2014/11/04"
"87","87",7,"214","RT - Residential Local","PM","FOSKET ST","(PM) Pavement Patching","WILLOW AVE",0,711,26,711,"LIBERTY AVE",55.95,48.16,40977.3,214,"2014/11/18"
"88","88",8,"220","CO - Collector","SI","FRANKLIN ST","(SI) 3"" Mill & Overlay Art/Col w/ramps","BROADWAY ST (E)",0,1080,26.5,1080,"PEARL ST",70.24,39.22,312403.2,220,"2012/10/05"
"89","89",1,"234","RT - Residential Local","PM","GLENWOOD RD","(PM) Pavement Patching","VERNON ST",0,1631,27,1631,"BROADWAY (E)",52.65,58.88,97615.35,234,"2012/09/14"
"90","90",8,"241","RT - Residential Local","SI","GRANDVIEW AVE","(SI) 2"" Mill & Overlay Local w/ramps","WALNUT ST",0,585,26.5,585,"VINAL AVE",59.23,37.5,142657.45,241,"2012/08/30"
"91","91",2,"274","RT - Residential Local","DN","HERBERT ST","Do Nothing","CHESTER ST",0,378,26.5,378,"DAY ST",41.24,95.96,0,274,"2014/11/19"
"92","92",10,"277.03","CO - Collector","PM","HIGHLAND AVE","(PM) Pavement Patching","LOWELL ST",4791,6693,39.5,1902,"CHERRY ST",67.62,50.25,166536.02,277,"2012/11/05"
"93","93",9,"308","RT - Residential Local","PM","JAMES ST","(PM) Pavement Patching","PEARL ST",0,365,26.5,365,"RADCLIFFE RD",52.01,60.96,21440.66,308,"2012/09/28"
"94","94",3,"315","RT - Residential Local","SI","JOSEPHINE AVE","(SI) 2"" Mill & Overlay Local w/ramps","MORRISON AVE",0,793,29.5,793,"KIDDER AVE",57.96,41.64,215272.37,315,"2014/10/24"
"95","95",5,"352","RT - Residential Local","RM","LINDEN ST","(RM) Crack Seal","SOMERVILLE AVE",0,635,22,635,"CHARLESTOWN ST",44.92,84,2343.85,352,"2012/09/13"
"96","96",3,"359","RT - Residential Local","PM","LOVELL ST","(PM) Pavement Patching","BROADWAY (E)",0,436,26,436,"ELECTRIC AVE",50.64,65.42,25128.22,359,"2014/11/04"
"97","97",10,"147","CO - Collector","DN","CURTIS ST","Do Nothing","BROADWAY (E)",0,2364,26,2364,"MEDFORD TOWNLINE",54.75,89.56,0,147,"2014/11/04"
"98","98",6,"153","CO - Collector","SI","DANE ST","(SI) 3"" Mill & Overlay Art/Col w/ramps","SOMERVILLE AVE",0,700,27,700,"120' S OF VILLAGE ST",72.82,30.85,206304,153,"2012/10/02"
"99","99",5,"1001.1","CO - Collector","SI","BROADWAY","(SI) 3"" Mill & Overlay Art/Col w/ramps","WESTMINSTER ST",2518,4233,48,1715,"WALLACE ST",69.27,44.86,898568.86,1001,"2014/11/26"
"100","100",7,"126","RT - Residential Local","PM","CONNECTICUT AVE","(PM) Pavement Patching","PENNSYLVANIA AVE",0,355,24.5,355,"RHODE ISLAND AVE",52.38,59.76,19279.48,126,"2012/09/20"
"101","101",8,"136","RT - Residential Local","RM","CRAIGIE ST","(RM) Crack Seal","ELM ST",0,1324,33.5,1324,"SUMMER ST",45.58,81.85,7441.61,136,"2012/08/30"
"102","102",6,"381.4","CO - Collector","SI","MEDFORD ST","(SI) 3"" Mill & Overlay Art/Col w/ramps","SCHOOL ST",6583,7384,38,804,"LEE ST",73.19,32.14,333492.38,381,"2012/10/18"
"103","103",8,"383","RT - Residential Local","DN","MELVIN ST","Do Nothing","BROADWAY (E)",0,544,26.5,544,"BONAIR ST (W)",41.68,94.55,0,383,"2012/08/30"
"104","104",5,"411","RT - Residential Local","BR","MUSEUM ST","(BR) Recon/Reclaim Local w/ramps","CAMBRIDGE TOWNLINE",0,200,25,200,"BEACON ST",67.95,9.17,83750.67,411,"2012/06/25"
"105","105",7,"422","RT - Residential Local","PM","NEW HAMPSHIRE AVE","(PM) Pavement Patching","PENNSYLVANIA AVE",0,292,25,292,"VERMONT AVE",50.4,66.2,16181.64,422,"2012/09/20"
"106","106",5,"201","RT - Residential Local","DN","FARRAGUT AVE","Do Nothing","BROADWAY (E)",0,925,26.5,925,"HOOKER AVE",40.89,97.1,0,201,"2014/11/12"
"107","107",3,"21","RE - Residential Dead End","DN","ARLINGTON ST","Do Nothing","LINCOLN ST",0,493,25.5,493,"DEAD END",27.05,99.6,0,21,"2012/09/13"
"108","108",10,"227","RE - Residential Dead End","DN","GIBBENS ST","Do Nothing","CENTRAL ST",0,679,26.5,679,"DEAD END",27.06,99.54,0,227,"2012/06/26"
"109","109",1,"264","RT - Residential Local","SI","HARRISON ST","(SI) 2"" Mill & Overlay Local w/ramps","IVALOO ST",0,690,26.5,690,"KENT ST",58.09,41.22,168262.91,264,"2012/10/02"
"110","110",3,"27","RT - Residential Local","PM","ATHERTON ST","(PM) Pavement Patching","CENTRAL ST",0,805,26,805,"SPRING ST",54.42,53.12,46394.92,27,"2012/09/28"
"111","111",7,"296","RT - Residential Local","SI","HUDSON ST","(SI) 2"" Mill & Overlay Local w/ramps","CENTRAL ST",0,2795,26.5,2795,"CEDAR ST",61.48,30.19,681585.41,296,"2012/09/14"
"112","112",8,"300","RT - Residential Local","SI","INDIANA AVE","(SI) 2"" Mill & Overlay Local w/ramps","BROADWAY (W)",0,436,24.5,436,"PENNSYLVANIA AVE",59.68,36.05,98298.23,300,"2012/09/20"
"113","113",1,"338","RT - Residential Local","RM","LEONARD ST","(RM) Crack Seal","BROADWAY (E)",0,525,26,525,"POWDER HOUSE BLVD",44.04,86.88,2290.17,338,"2014/11/12"
"114","114",3,"345","RT - Residential Local","SI","LINCOLN AVE","(SI) 2"" Mill & Overlay Local w/ramps","MT VERNON ST",0,519,19.5,519,"LINCOLN ST",58.54,39.75,93131.09,345,"2012/10/05"
"115","115",4,"140","RT - Residential Local","SI","CROCKER ST","(SI) 2"" Mill & Overlay Local w/ramps","HIGHLAND AVE",0,575,26.5,575,"CROWN ST",58.24,40.72,140219.23,140,"2012/06/25"
"116","116",8,"176","RT - Residential Local","RM","EDGAR AVE","(RM) Crack Seal","MAIN ST",0,905,33,905,"MEACHAM ST",48.38,72.76,5010.68,176,"2012/10/03"
"117","117",3,"180","RT - Residential Local","PM","ELECTRIC AVE","(PM) Pavement Patching","MASON ST",0,1413,26.5,1413,"CURTIS ST",50.81,64.88,83001.97,180,"2014/11/12"
"118","118",7,"114","RT - Residential Local","SI","CLARENDON AVE","(SI) 2"" Mill & Overlay Local w/ramps","BROADWAY (E)",0,1250,26.5,1250,"CAMBRIDGE TOWNLINE",57.96,41.64,304823.98,114,"2014/11/25"
"119","119",5,"121","RT - Residential Local","BR","COLUMBIA ST","(BR) Recon/Reclaim Local w/ramps","CAMBRIDGE TOWNLINE",0,848,27,848,"WEBSTER AVE",65.94,15.71,383508,121,"2012/09/12"
"120","120",5,"375","RT - Residential Local","RM","MARSHALL ST","(RM) Crack Seal","BROADWAY (E)",0,1697,24,1697,"PEARL ST",44.7,84.72,6833.25,375,"2012/09/24"
"121","121",2,"380.1","RT - Residential Local","SI","MEAD ST","(SI) 2"" Mill & Overlay Local w/ramps","95' BEYOND CAMERON AVE",95,446,26,351,"MOORE ST",57.96,41.64,83979.48,380,"2014/11/04"
"122","122",6,"406","RT - Residential Local","SI","MOUNT PLEASANT ST","(SI) 2"" Mill & Overlay Local w/ramps","BROADWAY (E)",0,716,23,716,"DEAD END",58.04,41.38,151542.38,406,"2012/09/13"
"123","123",7,"41.05","AR - Arterial","SI","BEACON ST","(SI) 3"" Mill & Overlay Art/Col w/ramps","BUCKINGHAM ST",856,1655,44.5,799,"230' S OF WASHINGTON ST",76.42,36.64,388107.93,41,"2012/11/05"
"124","124",3,"19","RT - Residential Local","SI","AMES ST","(SI) 2"" Mill & Overlay Local w/ramps","ROBINSON ST",0,560,26,560,"BARTLETT ST",57.58,42.88,133984.54,19,"2012/10/02"
"125","125",8,"195","RT - Residential Local","SI","EVERGREEN AVE","(SI) 2"" Mill & Overlay Local w/ramps","MARSHALL ST",0,1358,26,1358,"SYCAMORE ST",57.43,43.36,324911.97,195,"2012/09/28"
"126","126",3,"253","RT - Residential Local","DN","HAMILTON RD","Do Nothing","NORTH ST",0,601,26,601,"RUSSELL RD",42.2,92.84,0,253,"2014/11/18"
"127","127",1,"258","RT - Residential Local","PM","HANSON ST","(PM) Pavement Patching","PROPERZI WAY",0,851,23,851,"WASHINGTON ST",52.21,60.32,43386.86,258,"2012/09/25"
"128","128",6,"100","RT - Residential Local","PM","CENTURY ST","(PM) Pavement Patching","MEACHAM ST",0,430,26.5,430,"DEAD END",51.6,62.3,25258.89,100,"2012/10/03"
"129","129",9,"285","RT - Residential Local","RM","HINCKLEY ST","(RM) Crack Seal","BROADWAY (E)",0,1117,20,1117,"DEAD END",46.18,79.9,3748.15,285,"2012/10/18"
"130","130",7,"291","RT - Residential Local","RM","HOOKER AVE","(RM) Crack Seal","VICTORIA ST",0,730,26,730,"DEAD END",49.72,68.42,3184.42,291,"2014/11/12"
"131","131",10,"327","RE - Residential Dead End","RM","KNOWLTON ST","(RM) Crack Seal","TUFTS ST",0,461,26.5,461,"NORTHEASTERLY",34.18,76.4,2049.66,327,"2012/09/19"
"132","132",4,"333","RT - Residential Local","SI","LAUREL ST","(SI) 2"" Mill & Overlay Local w/ramps","SOMERVILLE AVE",0,1040,26.5,1040,"SUMMER ST",58.66,39.35,253613.06,333,"2012/09/25"
"133","133",7,"162","RT - Residential Local","SI","DICKINSON ST","(SI) 2"" Mill & Overlay Local w/ramps","SPRINGFIELD ST",0,795,26.5,795,"CAMBRIDGE TOWNLINE",60.14,34.56,193867.54,162,"2012/09/25"
"134","134",6,"17","RT - Residential Local","RM","ALPINE ST","(RM) Crack Seal","CEDAR ST",0,1406,23,1406,"LOWELL ST",46.08,80.25,5425.6,17,"2012/09/14"
"135","135",5,"101","RT - Residential Local","SI","CHANDLER ST","(SI) 2"" Mill & Overlay Local w/ramps","PARK AVE",0,1294,26.5,1294,"BROADWAY (E)",57.74,42.34,315553.31,101,"2014/11/12"
"136","136",8,"109","RT - Residential Local","DN","CHESTER ST","Do Nothing","CAMBRIDGE TOWNLINE",0,913,26,913,"ELM ST",40.01,99.97,0,109,"2014/11/19"
"137","137",6,"362","CO - Collector","SI","LOWELL ST","(SI) 3"" Mill & Overlay Art/Col w/ramps","SOMERVILLE AVE",0,2355,24,2355,"HUDSON ST",70.11,39.64,616947.2,362,"2012/07/02"
"138","138",1,"368","RT - Residential Local","SI","MALLET ST","(SI) 2"" Mill & Overlay Local w/ramps","WILLOW AVE",0,700,26,700,"LIBERTY AVE",56.84,45.28,167480.26,368,"2014/11/12"
"139","139",9,"396","RT - Residential Local","RM","MONTROSE ST","(RM) Crack Seal","SCHOOL ST",0,929,26,929,"SYCAMORE ST",48.66,71.85,4052.51,396,"2012/09/27"
"140","140",10,"400","CO - Collector","RM","MORRISON AVE","(RM) Crack Seal","CEDAR ST",0,1437,33,1437,"WILLOW AVE",55.25,87.94,7956.19,400,"2014/10/24"
"141","141",2,"183","RT - Residential Local","PM","ELLSWORTH ST","(PM) Pavement Patching","RUSH ST",0,272,26,272,"CROSS ST",54.65,52.4,15676.31,183,"2012/10/03"
"142","142",5,"219","RT - Residential Local","SI","FRANKLIN AVE","(SI) 2"" Mill & Overlay Local w/ramps","WASHINGTON ST",0,629,14,629,"FRANKLIN ST",59.35,37.1,81034.4,219,"2012/09/13"
"143","143",6,"224","RT - Residential Local","PM","GARFIELD AVE","(PM) Pavement Patching","BROADWAY (W)",0,500,26.5,500,"BLAKELEY AVE",55.43,49.84,29370.79,224,"2012/09/13"
"144","144",9,"24","RT - Residential Local","DN","ASH AVE","Do Nothing","MEACHAM ST",0,550,26.5,550,"EAST ALBION ST",43.04,90.12,0,24,"2012/10/03"
"145","145",6,"246","RT - Residential Local","RM","GREENVILLE ST","(RM) Crack Seal","MEDFORD ST",0,747,26.5,747,"MUNROE ST",45.03,83.65,3321.25,246,"2012/09/12"
"146","146",3,"277.02","CO - Collector","SI","HIGHLAND AVE","(SI) 3"" Mill & Overlay Art/Col w/ramps","CENTRAL ST",3404,4791,39.5,1387,"LOWELL ST",70.22,41.78,598025.19,277,"2012/11/05"
"147","147",6,"279","RT - Residential Local","BR","HIGHSCHOOL ENTRANCE","(BR) Recon/Reclaim Local w/ramps","HIGHLAND AVE (E)",0,722,22,722,"HIGHLAND AVE (W)",65.7,16.48,266057.17,279,"2012/11/05"
"148","148",5,"314","RT - Residential Local","PM","JOSEPH ST","(PM) Pavement Patching","NEWTON ST",0,505,26.5,505,"LINCOLN PKWY",55.09,50.96,29664.45,314,"2012/09/14"
"149","149",2,"320","RT - Residential Local","PM","KENWOOD ST","(PM) Pavement Patching","BILLINGHAM ST",0,375,26.5,375,"COLLEGE AVE",55.56,49.44,22028.19,320,"2014/11/12"
"150","150",5,"357","RT - Residential Local","SI","LORING ST","(SI) 2"" Mill & Overlay Local w/ramps","SOMERVILLE AVE",0,470,26,470,"OSGOOD ST",56.84,45.28,112451.34,357,"2012/09/28"
"151","151",9,"152","RT - Residential Local","SI","DANE AVE","(SI) 2"" Mill & Overlay Local w/ramps","DANE ST",0,608,20,608,"LELAND ST",62.73,26.12,111898.93,152,"2012/06/26"
"152","152",8,"158","RT - Residential Local","SI","DEARBORN RD","(SI) 2"" Mill & Overlay Local w/ramps","MEDFORD TOWNLINE",0,547,33.5,547,"COLLEGE AVE",63.78,22.7,168626.49,158,"2014/11/19"
"153","153",6,"1001","CO - Collector","PM","BROADWAY","(PM) Pavement Patching","ARLINGTON TOWNLINE",0,2518,43,2518,"WESTMINSTER ST",62.1,68.16,240007.28,1001,"2014/11/26"
"154","154",1,"1001.3","CO - Collector","SI","BROADWAY","(SI) 3"" Mill & Overlay Art/Col w/ramps","WILSON AV",7622,8392,60.5,770,"CHARLES E RYAN RD",70.57,40.64,508501.05,1001,"2012/10/19"
"155","155",1,"133","RT - Residential Local","SI","COTTAGE AVE","(SI) 2"" Mill & Overlay Local w/ramps","RUSSELL ST",0,591,26.5,591,"CHESTER ST",58.57,39.65,144120.88,133,"2014/10/27"
"156","156",6,"382","RT - Residential Local","RM","MELVILLE RD","(RM) Crack Seal","TEN HILLS RD",0,324,27,324,"SHORE DRIVE",46.79,77.92,1467.72,382,"2012/10/04"
"157","157",3,"389","RT - Residential Local","PM","MILTON ST","(PM) Pavement Patching","CAMBRIDGE TOWNLINE",0,241,26.5,241,"ORCHARD ST",51.62,62.24,14156.72,389,"2014/11/25"
"158","158",5,"420","RE - Residential Dead End","PM","NASHUA ST","(PM) Pavement Patching","RICHARDSON ST",0,640,23,640,"DEAD END",43.31,46.74,32629.42,420,"2012/10/03"
"159","159",7,"209","RE - Residential Dead End","DN","FLINT ST","Do Nothing","FRANKLIN ST",0,1721,25,1721,"DEAD END (E)",30.07,89.77,0,209,"2012/09/19"
"160","160",9,"213","RT - Residential Local","BR","FORSTER ST","(BR) Recon/Reclaim Local w/ramps","SYCAMORE ST",0,494,18,494,"CENTRAL ST",66,15.51,148941,213,"2012/09/27"
"161","161",8,"226","RT - Residential Local","DN","GEORGE ST","Do Nothing","BROADWAY (E)",0,316,20,316,"LINCOLN AVE",40.18,99.4,0,226,"2012/09/13"
"162","162",5,"233","RT - Residential Local","RM","GLENDALE AVE","(RM) Crack Seal","CAMERON AVE",0,461,26.5,461,"YORKTOWN ST",44.68,84.8,2049.66,233,"2014/11/25"
"163","163",6,"269","RT - Residential Local","RM","HAWTHORNE ST","(RM) Crack Seal","WILLOW AVE",0,854,20,854,"CUTTER AVE",48.68,71.78,2865.65,269,"2014/11/19"
"164","164",7,"272","RE - Residential Dead End","RM","HENDERSON ST","(RM) Crack Seal","RICHARDSON ST",0,583,14.5,583,"DEAD END",35.28,72.85,1418.31,272,"2012/10/03"
"165","165",3,"30","RT - Residential Local","DN","AUTUMN ST","Do Nothing","BROADWAY (E)",0,169,14,169,"LOUISBURG PL",40.19,99.39,0,30,"2012/08/30"
"166","166",6,"307","RE - Residential Dead End","SI","JACKSON RD","(SI) 2"" Mill & Overlay Local w/ramps","WALNUT ST",0,571,26.5,571,"DEAD END",45.37,40.04,139243.61,307,"2012/09/28"
"167","167",1,"343","RT - Residential Local","SI","LIBERTY AVE","(SI) 2"" Mill & Overlay Local w/ramps","BROADWAY (E)",0,1513,26.5,1513,"APPLETON ST",59.18,37.65,368958.13,343,"2014/10/27"
"168","168",5,"35","RT - Residential Local","BR","BANKS ST","(BR) Recon/Reclaim Local w/ramps","ELM ST",0,688,26,688,"SUMMER ST",66.22,14.8,299624.67,35,"2014/11/12"
"169","169",5,"139","RT - Residential Local","BR","CREST HILL RD","(BR) Recon/Reclaim Local w/ramps","TEN HILLS RD",0,295,27,295,"SHORE DR",65.93,15.73,133413.75,139,"2012/10/04"
"170","170",4,"145","RT - Residential Local","SI","CUMMINGS ST","(SI) 2"" Mill & Overlay Local w/ramps","KENSINGTON AVE",0,618,26,618,"MIDDLESEX AVE",58.18,40.9,147861.03,145,"2012/11/03"
"171","171",3,"18","RE - Residential Dead End","RM","ALSTON ST","(RM) Crack Seal","CROSS ST",0,702,26,702,"MCGRATH HWY",36.5,73.88,3062.28,18,"2012/10/08"
"172","172",6,"12","RT - Residential Local","SI","ALDERSEY ST","(SI) 2"" Mill & Overlay Local w/ramps","WALNUT ST",0,546,26.5,546,"VINAL AVE",60.36,33.84,133147.23,12,"2012/09/14"
"173","173",9,"124","RT - Residential Local","SI","CONCORD SQ","(SI) 2"" Mill & Overlay Local w/ramps","CONCORD AVE",0,148,25.5,148,"NEWTON ST",54.86,46.72,34728.91,124,"2012/10/16"
"174","174",6,"38","RT - Residential Local","PM","BAY STATE AVE","(PM) Pavement Patching","BROADWAY (E)",0,1291,26.5,1291,"FOSKET ST",56.1,47.68,75835.54,38,"2014/10/27"
"175","175",5,"381.3","CO - Collector","RM","MEDFORD ST","(RM) Crack Seal","HIGHLAND AVE",4509,6583,33,2074,"SCHOOL ST",61.49,72.66,11483.05,381,"2012/10/18"
"176","176",2,"41","AR - Arterial","SI","BEACON ST","(SI) 3"" Mill & Overlay Art/Col w/ramps","CAMBRIDGE TOWNLINE",0,856,44.5,856,"BUCKINGHAM ST",76.42,36.64,415794.91,41,"2012/09/20"
"177","177",9,"41.3","AR - Arterial","SI","BEACON ST","(SI) 3"" Mill & Overlay Art/Col w/ramps","75' N OF MILLER ST",4862,6117,44.5,1255,"SOMERVILLE AVE",76.42,36.64,609606.71,41,"2012/09/20"
"178","178",4,"193","RT - Residential Local","SI","EVERETT AVE","(SI) 2"" Mill & Overlay Local w/ramps","CROSS ST",0,793,26.5,793,"McGRATH HWY",61.36,30.58,193379.73,193,"2012/09/13"
"179","179",4,"20","RT - Residential Local","RM","APPLETON ST","(RM) Crack Seal","WILLOW AVE",0,698,25,698,"LIBERTY AVE",46.4,79.2,2927.72,20,"2014/10/27"
"180","180",5,"256.1","RT - Residential Local","DN","HANCOCK ST","Do Nothing","HIGHLAND AVE",1408,1842,33,434,"LEXINGTON AVE",42.28,92.6,0,256,"2014/10/27"
"181","181",1,"262","RE - Residential Dead End","BR","HAROLD ST","(BR) Recon/Reclaim Local w/ramps","DEAD END",0,518,26.5,518,"MARION ST",54.98,8.81,229926.92,262,"2012/09/25"
"182","182",7,"290","RE - Residential Dead End","RM","HOMER SQ","(RM) Crack Seal","BONNER AVE",0,220,18,220,"CUL-DE-SAC",37.15,66.75,664.4,290,"2012/09/13"
"183","183",6,"295","RT - Residential Local","RM","HOWE ST","(RM) Crack Seal","MARSHALL ST",0,492,26,492,"SCHOOL ST",49.01,70.73,2146.21,295,"2012/09/24"
"184","184",5,"330","RT - Residential Local","BR","LANGMAID AVE","(BR) Recon/Reclaim Local w/ramps","BROADWAY (W)",0,398,20,398,"HEATH ST",65.62,16.73,133329.33,330,"2012/10/04"
"185","185",9,"337","RT - Residential Local","SI","LEON ST","(SI) 2"" Mill & Overlay Local w/ramps","CONCORD AVE",0,190,26.5,190,"DICKINSON ST",61.97,28.6,46332.82,337,"2012/09/25"
"186","186",2,"166","CO - Collector","SI","DOVER ST","(SI) 3"" Mill & Overlay Art/Col w/ramps","CAMBRIDGE TOWNLINE",0,1002,26.5,1002,"DAVIS SQ",70.19,39.38,289840.42,166,"2014/11/04"
"187","187",9,"175","RE - Residential Dead End","DN","EASTMAN RD","Do Nothing","HIGHLAND AVE",0,320,26.5,320,"DEAD END",28.52,94.82,0,175,"2014/10/24"
"188","188",8,"107","RT - Residential Local","SI","CHESTER AVE","(SI) 2"" Mill & Overlay Local w/ramps","CROSS ST",0,530,15,530,"McGRATH HWY",62.12,28.12,73157.39,107,"2012/09/24"
"189","189",7,"113","RT - Residential Local","PM","CLAREMON ST","(PM) Pavement Patching","HOLLAND ST",0,614,26.5,614,"MEAD ST",52.63,58.96,36067.41,113,"2014/11/04"
"190","190",9,"367","RT - Residential Local","DN","MAINE AVE","Do Nothing","PENNSYLVANIA AVE",0,204,25,204,"MAINE TERR",41.82,94.07,0,367,"2012/09/20"
"191","191",1,"374","RT - Residential Local","PM","MARION ST","(PM) Pavement Patching","NEWTON ST",0,1201,26.5,1201,"DIMICK ST",51.38,63.02,70548.79,374,"2012/09/14"
"192","192",10,"4","RE - Residential Dead End","BR","ACADIA PARK","(BR) Recon/Reclaim Local w/ramps","SOMERVILLE AVE",0,274,26.5,274,"DEAD END",52.28,17.58,121622.08,4,"2014/10/24"
"193","193",2,"405","RT - Residential Local","SI","MOUNTAIN AVE","(SI) 2"" Mill & Overlay Local w/ramps","PORTER ST",0,360,14.5,360,"DEAD END",58.52,39.8,48035.6,405,"2014/10/27"
"194","194",9,"181","RT - Residential Local","RM","ELLIOT ST","(RM) Crack Seal","PROPERZI WY",0,329,26,329,"PARK ST",44.22,86.28,1435.16,181,"2012/10/27"
"195","195",4,"188","RT - Residential Local","PM","ELSTON ST","(PM) Pavement Patching","ELM ST",0,454,26.5,454,"SUMMER ST",53.32,56.72,26668.76,188,"2014/10/24"
"196","196",5,"222","RT - Residential Local","SI","FREMONT ST","(SI) 2"" Mill & Overlay Local w/ramps","MAIN ST",0,1144,26.5,1144,"DEAD END",56.73,45.64,278974.2,222,"2012/09/20"
"197","197",3,"244","RT - Residential Local","SI","GREENE ST","(SI) 2"" Mill & Overlay Local w/ramps","LAUREL ST",0,536,26.5,536,"SUMMER ST",57.61,42.76,130708.18,244,"2012/09/28"
"198","198",5,"252","RT - Residential Local","BR","HALL ST","(BR) Recon/Reclaim Local w/ramps","CEDAR ST",0,499,20,499,"CHERRY ST",65.08,18.5,167165.17,252,"2014/10/27"
"199","199",3,"10","RT - Residential Local","DN","ALBION ST","Do Nothing","CENTRAL ST",0,2787,26.5,2787,"CEDAR ST",40.1,99.69,0,10,"2012/09/14"
"200","200",6,"278","RE - Residential Dead End","PM","HIGHLAND RD","(PM) Pavement Patching","DEAD END",0,1695,30.5,1695,"BOSTON AVE (S)",44.87,46.68,114596.19,278,"2014/10/24"
"201","201",4,"284","RT - Residential Local","DN","HILLSDALE RD","Do Nothing","MEDFORD TOWNLINE",0,933,26.5,933,"CONWELL AVE",43.22,89.52,0,284,"2014/11/04"
"202","202",6,"32","RT - Residential Local","PM","AVON ST","(PM) Pavement Patching","SCHOOL ST",0,1404,26.5,1404,"CENTRAL ST",55.95,48.16,82473.3,32,"2012/06/26"
"203","203",7,"326","RT - Residential Local","SI","KNAPP ST","(SI) 2"" Mill & Overlay Local w/ramps","SCHOOL ST",0,420,27,420,"GRANITE ST",57.13,44.32,104353.2,326,"2012/08/30"
"204","204",2,"157","CO - Collector","BR","DAY ST","(BR) Recon/Reclaim Collector w/ramps","CAMBRIDGE TOWNLINE",0,960,26.5,960,"ELM ST",76.15,20.02,450203.73,157,"2014/11/19"
"205","205",7,"161","RT - Residential Local","PM","DERBY ST","(PM) Pavement Patching","WHEATLAND ST",0,1087,26.5,1087,"TEMPLE ST",54.5,52.88,63852.17,161,"2012/10/04"
"206","206",5,"1001.2","CO - Collector","SI","BROADWAY","(SI) 3"" Mill & Overlay Art/Col w/ramps","JOSEPHINE AV",6595,7622,56,1027,"WILSON AV",70.95,39.4,627775.21,1001,"2012/10/19"
"207","207",8,"1002","CO - Collector","SI","WASHINGTON ST (E)","(SI) 3"" Mill & Overlay Art/Col w/ramps","WEBSTER AVE",0,3019,40.5,3019,"LINE ST",72.5,36.88,1334639.52,1002,"2012/10/17"
"208","208",2,"360","RT - Residential Local","SI","LOWDEN AVE","(SI) 2"" Mill & Overlay Local w/ramps","BROADWAY (E)",0,1301,26.5,1301,"FOSKET ST",58.52,39.8,317260.23,360,"2014/10/27"
"209","209",9,"388","RT - Residential Local","SI","MILLER ST","(SI) 2"" Mill & Overlay Local w/ramps","SACRAMENTO ST",0,518,20,518,"BEACON ST",56.95,44.92,95334.93,388,"2012/10/02"
"210","210",8,"394","RT - Residential Local","PM","MONTGOMERY AVE","(PM) Pavement Patching","BROADWAY (E)",0,315,26.5,315,"WELLINGTON AVE",52.43,59.6,18503.63,394,"2012/10/15"
"211","211",9,"212","RT - Residential Local","SI","FOREST ST","(SI) 2"" Mill & Overlay Local w/ramps","CAMBRIDGE TOWNLINE",0,148,26.5,148,"BEACON ST",63.96,22.14,36091.3,212,"2012/10/16"
"212","212",9,"217","RT - Residential Local","DN","FRANCIS ST","Do Nothing","PORTER ST",0,215,19,215,"CONWELL ST",40.21,99.33,0,217,"2012/06/15"
"213","213",7,"232","RT - Residential Local","RM","GLEN ST","(RM) Crack Seal","BROADWAY (E)",0,2422,26.5,2422,"TUFTS ST",43.72,87.92,10768.47,232,"2012/09/13"
"214","214",5,"239","RT - Residential Local","RM","GOVERNOR WINTHROP RD","(RM) Crack Seal","TEN HILLS RD",0,1568,26.5,1568,"SHORE DR",46.92,77.52,6971.5,239,"2012/09/20"
"215","215",5,"277.01","CO - Collector","SI","HIGHLAND AVE","(SI) 3"" Mill & Overlay Art/Col w/ramps","SCHOOL ST",2005,3404,39.5,1399,"CENTRAL ST",69.6,43.81,603199.49,277,"2012/11/05"
"216","216",3,"306","RT - Residential Local","DN","IVALOO ST","Do Nothing","PARK ST",0,748,26.5,748,"BEACON ST",40.18,99.41,0,306,"2012/09/25"
"217","217",7,"311","RT - Residential Local","DN","JASPER ST","Do Nothing","PEARL ST",0,329,26.5,329,"GILMAN ST",40.18,99.4,0,311,"2012/09/19"
"218","218",10,"349","RT - Residential Local","SI","LINDEN AVE","(SI) 2"" Mill & Overlay Local w/ramps","ELM ST",0,1427,30,1427,"MOUNTAIN AVE",58.09,41.22,393947.41,349,"2014/10/24"
"219","219",7,"356","RT - Residential Local","DN","ALFRED A LOMBARDI  WY","Do Nothing","BROADWAY (W)",0,421,52,421,"MYSTIC AVE",43.03,90.16,0,356,"2012/11/03"
"220","220",2,"144","RT - Residential Local","BR","CROWN ST","(BR) Recon/Reclaim Local w/ramps","LOWELL ST",0,728,19.5,728,"PORTER ST",64.64,19.91,237782.5,144,"2012/06/25"
"221","221",10,"151","RT - Residential Local","PM","DANA ST","(PM) Pavement Patching","PEARL ST",0,787,26.5,787,"BONAIR ST (W)",54.47,52.96,46229.74,151,"2012/09/24"
"222","222",5,"1000","RT - Residential Local","RM","CLIFTON ST","(RM) Crack Seal","APPLETON ST",0,218,26,218,"MORRISON AVE",46.65,78.4,950.97,1000,"2014/11/18"
"223","223",3,"123.1","CO - Collector","PM","CONCORD AVE","(PM) Pavement Patching","SPRINGFIELD ST",1049,2034,23.5,985,"BEACON ST",68.82,48.85,51310.2,123,"2012/10/16"
"224","224",8,"131","RT - Residential Local","SI","COONEY ST","(SI) 2"" Mill & Overlay Local w/ramps","BEACON ST",0,294,20,294,"CAMBRIDGE TOWNLINE",58.8,38.9,54108.79,131,"2012/09/25"
"225","225",8,"381.2","CO - Collector","PM","MEDFORD ST","(PM) Pavement Patching","SOMERVILLE AVE",1626,4509,28,2883,"HIGHLAND AVE",63.12,67.35,178938.13,381,"2012/10/18"
"226","226",7,"381.5","CO - Collector","DN","MEDFORD ST","Do Nothing","115' N OF GLENWOOD RD",9081,10243,38.5,1162,"MEDFORD TOWNLINE",53.53,98.52,0,381,"2012/10/17"
"227","227",3,"41.2","AR - Arterial","SI","BEACON ST","(SI) 3"" Mill & Overlay Art/Col w/ramps","135' S OF KENT ST",3547,4862,44,1315,"75' N OF MILLER ST",76.42,36.64,631574.15,41,"2012/09/20"
"228","228",9,"417","RT - Residential Local","PM","MACARTHUR ST","(PM) Pavement Patching","BROADWAY (E)",0,489,26.5,489,"BONAIR ST (E)",53.76,55.28,28724.61,417,"2012/08/30"
"229","229",1,"199","RE - Residential Dead End","SI","FAIRMOUNT AVE","(SI) 2"" Mill & Overlay Local w/ramps","CURTIS ST",0,697,26.5,697,"DEAD END",48.46,30,169969.83,199,"2014/11/18"
"230","230",2,"208","RE - Residential Dead End","DN","FLINT AVE","Do Nothing","FLINT ST",0,218,27,218,"DEAD END",27.05,99.6,0,208,"2012/09/19"
"231","231",6,"260","RT - Residential Local","PM","HARDING ST","(PM) Pavement Patching","WARD ST",0,457,20.5,457,"CAMBRIDGE TOWNLINE",51.32,63.2,20766.75,260,"2012/09/24"
"232","232",1,"268","RT - Residential Local","SI","HAWKINS ST","(SI) 2"" Mill & Overlay Local w/ramps","SOMERVILLE AVE",0,397,26.5,397,"WASHINGTON ST",59.52,36.55,96811.61,268,"2012/10/16"
"233","233",3,"294","RT - Residential Local","RM","HOWARD ST","(RM) Crack Seal","THORNDIKE ST",0,442,26.5,442,"GORHAM ST",48.19,73.39,1965.17,294,"2014/11/25"
"234","234",7,"299","RT - Residential Local","PM","ILLINOIS AVE","(PM) Pavement Patching","BROADWAY (W)",0,479,24.5,479,"PENNSYLVANIA AVE",53.24,56.96,26013.6,299,"2012/09/20"
"235","235",2,"336","RT - Residential Local","SI","LELAND ST","(SI) 2"" Mill & Overlay Local w/ramps","WASHINGTON ST",0,382,26.5,382,"DANE AVE",60.2,34.36,93154.28,336,"2012/06/26"
"236","236",4,"342","RT - Residential Local","DN","LEXINGTON AVE","Do Nothing","CEDAR ST",0,1397,30.5,1397,"WILLOW AVE",41.48,95.2,0,342,"2014/10/27"
"237","237",6,"138","RT - Residential Local","SI","CRESCENT ST","(SI) 2"" Mill & Overlay Local w/ramps","BOSTON TOWNLINE",0,558,17,558,"PEARL ST",58.85,38.75,87292.28,138,"2012/09/24"
"238","238",4,"174.1","RT - Residential Local","BR","EAST ALBION ST","(BR) Recon/Reclaim Local w/ramps","MORELAND ST",377,660,22,283,"FREMONT ST",64.14,21.54,104285.83,174,"2012/10/03"
"239","239",4,"179","RT - Residential Local","SI","EDMANDS ST","(SI) 2"" Mill & Overlay Local w/ramps","BROADWAY (E)",0,519,16,519,"BONAIR ST (W)",61.48,30.19,76415.53,179,"2012/10/03"
"240","240",10,"112","RE - Residential Dead End","SI","CHURCH ST","(SI) 2"" Mill & Overlay Local w/ramps","LAKE ST",0,1057,27,1057,"SUMMER ST",48.43,30.1,262622.22,112,"2012/09/14"
"241","241",3,"118","RT - Residential Local","SI","CLYDE ST","(SI) 2"" Mill & Overlay Local w/ramps","CEDAR ST",0,689,20,689,"WARWICK ST",57.96,41.64,126806.53,118,"2014/10/27"
"242","242",2,"371","RE - Residential Dead End","PM","MAPLE AVE","(PM) Pavement Patching","DEAD END",0,343,26.5,343,"SCHOOL ST",39.4,59.46,20148.3,371,"2012/09/24"
"243","243",2,"379","RT - Residential Local","RM","MEACHAM ST","(RM) Crack Seal","DEAD END",0,1053,26.5,1053,"MEDFORD TOWNLINE",45.29,82.8,4681.76,379,"2012/10/03"
"244","244",1,"404","RT - Residential Local","SI","MOSSLAND ST","(SI) 2"" Mill & Overlay Local w/ramps","SOMERVILLE AVE",0,448,26.5,448,"ELM ST",56.37,46.8,109248.69,404,"2014/11/25"
"245","245",6,"409","RT - Residential Local","SI","MUNROE ST","(SI) 2"" Mill & Overlay Local w/ramps","BOSTON ST",0,1634,30,1634,"WALNUT ST",60.18,34.4,451093.21,409,"2012/09/19"
"246","246",8,"186","RT - Residential Local","PM","ELMWOOD ST","(PM) Pavement Patching","HOLLAND ST",0,1087,26.5,1087,"CAMBRIDGE TOWNLINE",53.88,54.88,63852.17,186,"2014/11/04"
"247","247",1,"192","RT - Residential Local","RM","EUSTIS ST","(RM) Crack Seal","CAMBRIDGE TOWNLINE",0,178,20.5,178,"BEACON ST",46.38,79.25,612.21,192,"2012/10/02"
"248","248",9,"251","RT - Residential Local","SI","HALL AVE","(SI) 2"" Mill & Overlay Local w/ramps","COLLEGE AVE",0,981,26.5,981,"LIBERTY AVE",57.96,41.64,239225.57,251,"2014/11/19"
"249","249",2,"256","RT - Residential Local","DN","HANCOCK ST","Do Nothing","ELM ST",0,1408,26.5,1408,"HIGHLAND AVE",41.9,93.83,0,256,"2014/10/27"
"250","250",7,"283","RE - Residential Dead End","PM","HILLSIDE PK","(PM) Pavement Patching","WALNUT ST",0,214,26.5,214,"DEAD END",39.42,59.4,12570.69,283,"2012/09/19"
"251","251",10,"29","RT - Residential Local","DN","AUSTIN ST","Do Nothing","BROADWAY (W)",0,528,26.5,528,"MAINE TERR",41.82,94.07,0,29,"2012/09/20"
"252","252",7,"325","RT - Residential Local","RM","KINGSTON ST","(RM) Crack Seal","MEACHAM RD",0,668,26.5,668,"CAMBRIDGE TOWNLINE",44.3,86.04,2970,325,"2014/11/25"
"253","253",6,"33","RT - Residential Local","SI","BAILEY RD","(SI) 2"" Mill & Overlay Local w/ramps","TEN HILLS RD",0,1739,26,1739,"SHORE DR",57.69,42.52,416069.46,33,"2012/09/20"
"254","254",4,"160","RT - Residential Local","DN","DELL ST","Do Nothing","GLEN ST",0,508,26.5,508,"TUFTS ST",40.18,99.4,0,160,"2012/09/13"
"255","255",3,"165","RE - Residential Dead End","SI","DOUGLAS AVE","(SI) 2"" Mill & Overlay Local w/ramps","EDGAR AVE",0,171,19.5,171,"DEAD END",51.72,19.42,30684.81,165,"2012/10/03"
"256","256",6,"1001.6","CO - Collector","SI","BROADWAY","(SI) 3"" Mill & Overlay Art/Col w/ramps","GLENWOOD RD",9782,10648,59.5,866,"CENTRAL ST",70.57,40.64,562445.61,1001,"2012/10/19"
"257","257",10,"106","CO - Collector","SI","CHERRY ST","(SI) 3"" Mill & Overlay Art/Col w/ramps","ELM ST",0,1696,27,1696,"HIGHLAND AVE",72.59,31.57,499845.12,106,"2014/11/25"
"258","258",6,"36","RT - Residential Local","PM","BARTLETT ST","(PM) Pavement Patching","VERNON ST",0,1674,26,1674,"BROADWAY (E)",52.63,58.96,96478.2,36,"2012/09/14"
"259","259",2,"366","CO - Collector","SI","MAIN ST","(SI) 3"" Mill & Overlay Art/Col w/ramps","BROADWAY (W)",0,1013,35,1013,"MEDFORD TOWNLINE",70.11,39.64,387010.59,366,"2012/10/04"
"260","260",9,"393","RT - Residential Local","RM","MONMOUTH ST","(RM) Crack Seal","CENTRAL ST",0,274,26.5,274,"225' E OF HARVARD ST",48.21,73.32,1218.24,393,"2012/10/18"
"261","261",5,"399","RT - Residential Local","DN","MORGAN ST","Do Nothing","PARK ST",0,432,26.5,432,"BEACON ST",40.1,99.69,0,399,"2012/10/02"
"262","262",6,"216","RT - Residential Local","SI","FRANCESCA AVE","(SI) 2"" Mill & Overlay Local w/ramps","COLLEGE AVE",0,819,26.5,819,"LIBERTY AVE",57.96,41.64,199720.43,216,"2014/10/27"
"263","263",5,"221","RE - Residential Dead End","DN","FREMONT AVE","Do Nothing","BOWDOIN ST",0,247,19.5,247,"DEAD END",29.86,90.45,0,221,"2012/06/26"
"264","264",10,"237","RT - Residential Local","PM","GORHAM ST","(PM) Pavement Patching","HOLLAND ST",0,817,26.5,817,"HOWARD ST",54.89,51.6,47991.92,237,"2014/11/25"
"265","265",6,"243","RT - Residential Local","SI","GRANT ST","(SI) 2"" Mill & Overlay Local w/ramps","BROADWAY (W)",0,1489,26,1489,"DEAD END",56.98,44.8,356255.2,243,"2012/10/04"
"266","266",5,"277","CO - Collector","SI","HIGHLAND AVE","(SI) 3"" Mill & Overlay Art/Col w/ramps","MEDFORD ST",0,2005,39.5,2005,"SCHOOL ST",70.39,41.22,864484.49,277,"2012/10/11"
"267","267",3,"277.1","CO - Collector","SI","HIGHLAND AVE","(SI) 3"" Mill & Overlay Art/Col w/ramps","ELLINGTON RD",8371,9346,40,975,"COLLEGE AVE",73.25,31.93,425706.34,277,"2012/10/11"
"268","268",7,"309.1","RT - Residential Local","SI","JAQUES ST","(SI) 2"" Mill & Overlay Local w/ramps","TEMPLE ST",1258,2724,30,1466,"EDGAR AVE",59.75,35.8,404714.01,309,"2012/09/20"
"269","269",4,"316","RT - Residential Local","RM","JOY ST","(RM) Crack Seal","WASHINGTON ST",0,1204,42.5,1204,"POPLAR ST",44.09,86.72,8585.2,316,"2012/09/19"
"270","270",5,"354","RT - Residential Local","SI","LINWOOD ST","(SI) 2"" Mill & Overlay Local w/ramps","FITCHBURG ST",0,1871,40,1871,"McGRATH HWY",60.85,32.24,688694.68,354,"2012/09/19"
"271","271",3,"150","RT - Residential Local","DN","CUTTER ST","Do Nothing","BROADWAY (E)",0,775,26,775,"WEBSTER ST",40.18,99.4,0,150,"2012/09/13"
"272","272",4,"155","RT - Residential Local","SI","DARTMOUTH ST","(SI) 2"" Mill & Overlay Local w/ramps","MEDFORD ST",0,1515,26.5,1515,"BROADWAY (E)",59.78,35.7,369445.94,155,"2012/09/14"
"273","273",9,"1001.13","CO - Collector","SI","BROADWAY","(SI) 3"" Mill & Overlay Art/Col w/ramps","C0LLEGE AVE",5328,6595,48,1267,"JOSEPHINE ST",69.64,43.67,663840.1,1001,"2014/11/26"
"274","274",2,"13","RE - Residential Dead End","DN","ALDRICH ST","Do Nothing","VIRGINIA ST",0,629,26,629,"DEAD END",29.56,91.43,0,13,"2012/09/19"
"275","275",6,"381.42","CO - Collector","SI","MEDFORD ST","(SI) 3"" Mill & Overlay Art/Col w/ramps","CENTRAL ST",8115,9081,38,966,"115' N OF GLENWOOD RD",73.19,32.14,400688.54,381,"2012/10/18"
"276","276",10,"386","RT - Residential Local","RM","MICHIGAN AVE","(RM) Crack Seal","BROADWAY (W)",0,524,25,524,"PENNSYLVANIA AVE",49.82,68.07,2197.9,386,"2012/09/20"
"277","277",1,"414.1","RT - Residential Local","SI","MYRTLE ST","(SI) 2"" Mill & Overlay Local w/ramps","PEARL ST",984,1472,25,488,"PERKINS ST",57.82,42.1,112267.48,414,"2012/10/05"
"278","278",7,"206","RT - Residential Local","PM","FISK AVE","(PM) Pavement Patching","LOWELL ST",0,521,14.5,521,"HINCKLEY ST",51.77,61.76,16745.83,206,"2012/10/02"
"279","279",9,"210.1","RT - Residential Local","DN","FLORENCE ST","Do Nothing","PEARL ST",910,1359,24.5,449,"PERKINS ST",40.18,99.4,0,210,"2012/09/13"
"280","280",3,"230","RE - Residential Dead End","PM","GILMAN TER","(PM) Pavement Patching","PEARL ST",0,381,27,381,"DEAD END",40.41,56.16,22802.85,230,"2012/09/24"
"281","281",2,"267","RT - Residential Local","DN","HATHORN ST","Do Nothing","BROADWAY (E)",0,385,26.5,385,"ARLINGTON ST",40.18,99.4,0,267,"2012/09/13"
"282","282",4,"298","RT - Residential Local","SI","IBBETSON ST","(SI) 2"" Mill & Overlay Local w/ramps","SOMERVILLE AVE",0,856,26.5,856,"LOWELL ST",58.33,40.42,208742.84,298,"2012/08/30"
"283","283",6,"305","RT - Residential Local","SI","IRVINGTON RD","(SI) 2"" Mill & Overlay Local w/ramps","MYSTIC VALLEY PKWY",0,717,26.5,717,"BOSTON AVE (N)",56.63,45.94,174847.1,305,"2014/11/18"
"284","284",4,"341","RE - Residential Dead End","BR","LEWIS ST","(BR) Recon/Reclaim Local w/ramps","MAGNUS AVE",0,430,26.5,430,"DEAD END",51.99,18.52,190866.08,341,"2012/06/26"
"285","285",5,"348","RT - Residential Local","RM","LINCOLN ST","(RM) Crack Seal","BROADWAY (E)",0,595,26,595,"PERKINS ST",47.51,75.6,2595.52,348,"2012/10/05"
"286","286",9,"142","RE - Residential Dead End","SI","CROSS ST EAST","(SI) 2"" Mill & Overlay Local w/ramps","BROADWAY (W)",0,703,27,703,"DEAD END",47.34,33.64,174667.38,142,"2012/09/20"
"287","287",2,"178","RT - Residential Local","PM","EDGAR TERR","(PM) Pavement Patching","EDGAR AVE",0,163,26,163,"ASH AVE",51.73,56.88,9394.26,178,"2012/10/03"
"288","288",8,"542.2","CO - Collector","RM","SUMMER ST","(RM) Crack Seal","120' E OF CEDAR ST",5351,6856,30,1505,"WILLOW AVE",62.26,70.14,7575.17,542,"2012/09/24"
"289","289",10,"542.1","CO - Collector","PM","SUMMER ST","(PM) Pavement Patching","120' E OF BELMONT ST",3690,5351,30,1661,"120' E OF CEDAR ST",62.87,68.16,110456.57,542,"2012/09/25"
"290","290",1,"542","CO - Collector","RM","SUMMER ST","(RM) Crack Seal","BOW ST",0,3690,31,3690,"120' E OF BELMONT ST",57.15,86.77,19192.1,542,"2012/09/24"
"291","291",7,"541","RE - Residential Dead End","DN","STONE PL","Do Nothing","STONE AVE",0,157,20,157,"DEAD END",30.21,89.33,0,541,"2012/09/12"
"292","292",1,"557","RT - Residential Local","PM","TENNYSON ST","(PM) Pavement Patching","PEMBROKE ST",0,959,26.5,959,"FORSTER ST",53.05,57.6,56333.21,557,"2012/09/27"
"293","293",7,"563","RT - Residential Local","SI","TOWER ST","(SI) 2"" Mill & Overlay Local w/ramps","HIGHLAND AVE",0,605,26.5,605,"CROWN ST",57.32,43.72,147534.72,563,"2012/06/25"
"294","294",4,"612","RT - Residential Local","RM","WESTWOOD RD","(RM) Crack Seal","CENTRAL ST",0,524,26.5,524,"BENTON RD",44.37,85.8,2329.76,612,"2012/06/26"
"295","295",6,"618","RT - Residential Local","SI","WHITFIELD RD","(SI) 2"" Mill & Overlay Local w/ramps","PACKARD AVE",0,738,26.5,738,"CURTIS ST",56.84,45.28,179967.86,618,"2014/11/18"
"296","296",5,"648","CO - Collector","SI","MIDDLESEX AVE","(SI) 3"" Mill & Overlay Art/Col w/ramps","MYSTIC AVE",0,723,60.5,723,"FOLEY ST",71.51,37.6,477463.1,648,"2012/11/05"
"297","297",3,"651","RT - Residential Local","SI","OXFORD ST","(SI) 2"" Mill & Overlay Local w/ramps","SCHOOL ST",0,1395,24,1395,"CENTRAL ST",59.66,36.1,308090.4,651,"2012/06/26"
"298","298",6,"98","CO - Collector","DN","CENTRAL ST","Do Nothing","SOMERVILLE AVE",0,1080,21.5,1080,"SUMMER ST",53.92,92.26,0,98,"2012/08/30"
"299","299",9,"468","RT - Residential Local","SI","PLEASANT AVE","(SI) 2"" Mill & Overlay Local w/ramps","WALNUT ST",0,586,25.5,586,"VINAL AVE",59.37,37.05,137508.53,468,"2012/08/30"
"300","300",9,"465","RT - Residential Local","SI","PINCKNEY ST","(SI) 2"" Mill & Overlay Local w/ramps","WASHINGTON ST",0,1240,26,1240,"PERKINS ST",57.37,43.54,296679.46,465,"2012/09/20"
"301","301",1,"664","RT - Residential Local","SI","PROPERZI WAY (N)","(SI) 2"" Mill & Overlay Local w/ramps","SOMERVILLE AVE",0,419,26.5,419,"TYLER ST",56.78,45.46,102176.69,664,"2012/10/27"
"302","302",10,"669","RE - Residential Dead End","DN","THORNDIKE ST (S)","Do Nothing","DEAD END",0,129,26.5,129,"KINGSTON ST",30.14,89.54,0,669,"2014/11/25"
"303","303",5,"540","RT - Residential Local","RM","STONE AVE","(RM) Crack Seal","SOMERVILLE AVE",0,739,26.5,739,"COLUMBUS AVE",44.1,86.68,3285.67,540,"2012/09/12"
"304","304",6,"539","RT - Residential Local","BR","STICKNEY AVE","(BR) Recon/Reclaim Local w/ramps","MARSHALL ST",0,502,26.5,502,"SCHOOL ST",65.63,16.7,222825.08,539,"2012/09/24"
"305","305",8,"538","RT - Residential Local","SI","STERLING ST","(SI) 2"" Mill & Overlay Local w/ramps","NORTH ST",0,875,26.5,875,"ALEWIFE BROOK PKWY",57.96,41.64,213376.62,538,"2014/11/18"
"306","306",4,"536","RT - Residential Local","SI","SAINT JAMES AVE","(SI) 2"" Mill & Overlay Local w/ramps","ELM ST",0,674,26.5,674,"DEAD END",58.91,38.55,164361.26,536,"2014/10/27"
"307","307",3,"546","RT - Residential Local","SI","SUNSET RD","(SI) 2"" Mill & Overlay Local w/ramps","CURTIS ST",0,697,26.5,697,"HILLSDALE RD",56.63,45.94,169969.83,546,"2014/11/04"
"308","308",2,"553","RT - Residential Local","SI","TEELE AVE","(SI) 2"" Mill & Overlay Local w/ramps","PACKARD AVE",0,736,26.5,736,"CURTIS ST",58.04,41.38,179480.05,553,"2014/11/18"
"309","309",6,"589","RE - Residential Dead End","RM","WALTER TER","(RM) Crack Seal","JACKSON RD",0,238,26,238,"DEAD END",34.97,73.84,1038.22,589,"2012/09/28"
"310","310",4,"602","CO - Collector","SI","WEBSTER AVE","(SI) 3"" Mill & Overlay Art/Col w/ramps","WASHINGTON ST",0,976,34,976,"PROSPECT ST",69.78,40.72,362221.69,602,"2012/10/16"
"311","311",1,"606","RT - Residential Local","SI","WESLEY ST","(SI) 2"" Mill & Overlay Local w/ramps","PEAR ST",0,561,26.5,561,"OTIS ST (W)",59.29,37.3,136804.56,606,"2012/10/03"
"312","312",1,"64","RT - Residential Local","PM","BOND ST","(PM) Pavement Patching","BROADWAY (W)",0,689,26,689,"JAQUES ST",50.77,65,39709.28,64,"2012/10/03"
"313","313",5,"644","CO - Collector","SI","BOSTON AVE (S)","(SI) 3"" Mill & Overlay Art/Col w/ramps","MORRISON AVE",0,1114,26.5,1114,"150' S OF PRICHARD AVE",70.11,39.64,322238.01,644,"2014/11/25"
"314","314",4,"998","RT - Residential Local","BR","CONWELL AVE","(BR) Recon/Reclaim Local w/ramps","CURTIS ST",0,1386,27,1386,"NORTH ST",65.17,18.2,626818.5,998,"2014/11/04"
"315","315",7,"461","RT - Residential Local","SI","PERRY ST","(SI) 2"" Mill & Overlay Local w/ramps","WASHINGTON ST",0,725,27,725,"WYATT ST",61.22,31.04,180133.5,461,"2012/06/26"
"316","316",6,"460","CO - Collector","PM","PERKINS ST","(PM) Pavement Patching","BOSTON TOWNLINE",0,1348,25,1348,"DEAD END",61.28,63.34,74701.58,460,"2012/10/05"
"317","317",9,"660","CO - Collector","PM","COLLEGE AVE","(PM) Pavement Patching","ELM ST",0,2464,40,2464,"BROADWAY",63.86,64.95,218474.64,660,"2014/11/25"
"318","318",1,"89","RT - Residential Local","PM","CAMPBELL PARK","(PM) Pavement Patching","MEACHAM RD",0,432,26.5,432,"KINGSTON ST",52.63,58.96,25376.4,89,"2014/11/25"
"319","319",1,"535","RT - Residential Local","RM","SPRINGFIELD ST","(RM) Crack Seal","CAMBRIDGE TOWNLINE",0,807,27,807,"CONCORD AVE",47.99,74.02,3655.71,535,"2012/09/12"
"320","320",1,"534","RT - Residential Local","SI","SPRING ST","(SI) 2"" Mill & Overlay Local w/ramps","SOMERVILLE AVE",0,1265,25.5,1265,"SUMMER ST",58.89,38.6,296840.96,534,"2012/09/25"
"321","321",2,"533","RT - Residential Local","SI","SPRINGHILL TERR","(SI) 2"" Mill & Overlay Local w/ramps","HIGHLAND AVE",0,723,14.5,723,"BELMONT ST",63.14,24.8,96471.22,533,"2012/09/25"
"322","322",7,"58","RT - Residential Local","PM","BIGELOW ST","(PM) Pavement Patching","BOSTON ST",0,253,33,253,"MUNROE ST",56.3,47.04,18507.02,58,"2012/09/19"
"323","323",10,"586","RT - Residential Local","SI","WALLACE ST","(SI) 2"" Mill & Overlay Local w/ramps","HOLLAND ST",0,1417,26,1417,"BROADWAY (E)",57.96,41.64,339028.64,586,"2014/11/05"
"324","324",8,"595","RT - Residential Local","SI","WARWICK ST","(SI) 2"" Mill & Overlay Local w/ramps","CEDAR ST",0,965,26,965,"CLYDE ST",57.96,41.64,230883.94,595,"2014/10/27"
"325","325",4,"627","RT - Residential Local","PM","WILTON ST","(PM) Pavement Patching","LOWELL ST",0,509,24,509,"HINCKLEY ST",51.29,63.32,27078.73,627,"2012/07/02"
"326","326",2,"632","RT - Residential Local","SI","WINSLOW AVE","(SI) 2"" Mill & Overlay Local w/ramps","COLLEGE AVE",0,1184,27,1184,"CLIFTON ST",59.02,38.2,294176.64,632,"2014/11/18"
"327","327",8,"657","AR - Arterial","DN","BROADWAY (W)","Do Nothing","ALFRED A LOMBARDI WY",0,2161,35,2161,"CROSS ST EAST",56.99,99.79,0,657,"2012/10/19"
"328","328",6,"657.5","AR - Arterial","SI","BROADWAY (W)","(SI) 3"" Mill & Overlay Art/Col w/ramps","BOND ST",5676,6317,32,641,"CENTRAL ST",76.11,37.64,223899.77,657,"2012/10/19"
"329","329",7,"988","RT - Residential Local","SI","BROMFIELD RD","(SI) 2"" Mill & Overlay Local w/ramps","WARNER ST",0,1316,26.5,1316,"DEARBORN RD",61.33,30.67,320918.39,988,"2014/10/27"
"330","330",7,"993","RT - Residential Local","PM","BURNHAM ST","(PM) Pavement Patching","BROADWAY",0,625,26,625,"POWDER HOUSE BLVD",53.88,54.88,36020.92,993,"2014/11/12"
"331","331",1,"46","RT - Residential Local","PM","BEECH ST","(PM) Pavement Patching","ATHERTON ST",0,380,26.5,380,"SOMERVILLE AVE",52.75,58.56,22321.86,46,"2012/09/28"
"332","332",3,"458","RT - Residential Local","SI","PENNSYLVANIA AVE","(SI) 2"" Mill & Overlay Local w/ramps","BROADWAY (W)",0,1511,26.5,1511,"DEAD END",59.18,37.65,368471.15,458,"2012/10/05"
"333","333",2,"74","RT - Residential Local","PM","BRISTOL RD","(PM) Pavement Patching","MEDFORD TOWNLINE",0,194,26,194,"BROADWAY (E)",50.09,67.22,11180.78,74,"2014/11/25"
"334","334",4,"83","RT - Residential Local","PM","BUTLER DR","(PM) Pavement Patching","MYSTIC AVE",0,512,26.5,512,"DEAD END",53.37,56.56,30075.82,83,"2012/09/20"
"335","335",10,"532","RT - Residential Local","DN","SPENCER AVE","Do Nothing","CEDAR ST",0,774,27,774,"HANCOCK ST",40.9,97.06,0,532,"2014/10/27"
"336","336",8,"531.1","RE - Residential Dead End","SI","SOUTH ST","(SI) 2"" Mill & Overlay Local w/ramps","HARDING ST",601,1160,33.5,559,"WINDSOR ST",46.21,37.32,172325.23,531,"2012/09/24"
"337","337",9,"531","RE - Residential Dead End","PM","SOUTH ST","(PM) Pavement Patching","MEDFORD ST",0,601,20,601,"HARDING ST",39.93,57.72,26644.42,531,"2012/09/24"
"338","338",6,"530.2","AR - Arterial","RM","SOMERVILLE AVE","(RM) Crack Seal","PROSPECT ST",1427,8846,49,7419,"CAMBRIDGE TOWNLINE",61.29,85.8,60992.42,530,"2012/06/26"
"339","339",10,"560.1","RT - Residential Local","BR","THURSTON ST","(BR) Recon/Reclaim Local w/ramps","MEDFORD ST",414,1797,26,1383,"BROADWAY (E)",66.06,15.29,602296,560,"2012/09/19"
"340","340",6,"569","RT - Residential Local","RM","TYLER ST","(RM) Crack Seal","DANE ST",0,443,26,443,"PROPERZI WAY (N)",47.47,75.72,1932.47,569,"2012/10/27"
"341","341",2,"617","RT - Residential Local","PM","WHITE ST","(PM) Pavement Patching","ELM ST",0,31,20.5,31,"CAMBRIDGE TOWNLINE",51.74,61.84,1408.67,617,"2014/11/25"
"342","342",1,"623","RT - Residential Local","SI","WILLOUGHBY ST","(SI) 2"" Mill & Overlay Local w/ramps","CENTRAL ST",0,460,26,460,"SYCAMORE ST",60.76,32.52,110058.67,623,"2012/06/26"
"343","343",3,"650","RT - Residential Local","SI","OTIS ST (W)","(SI) 2"" Mill & Overlay Local w/ramps","McGRATH HWY",0,350,26.5,350,"WIGGLESWORTH ST",57.91,41.8,85350.98,650,"2012/10/03"
"344","344",7,"652.3","CO - Collector","PM","POWDER HOUSE BLVD","(PM) Pavement Patching","NORTH ST",4293,5194,40,901,"ALEWIFE BROOK PKWY",67.16,51.72,79888.58,652,"2014/11/04"
"345","345",7,"96.2","CO - Collector","SI","CEDAR ST","(SI) 3"" Mill & Overlay Art/Col w/ramps","MURDOCK ST",3564,4337,26.5,773,"BROADWAY (E)",71.78,39.22,223600.13,96,"2014/11/25"
"347","347",1,"457","RT - Residential Local","SI","PEMBROKE ST","(SI) 2"" Mill & Overlay Local w/ramps","SYCAMORE ST",0,470,26,470,"CENTRAL ST",59.86,35.45,112451.34,457,"2012/09/27"
"348","348",7,"455.1","RT - Residential Local","PM","PEARSON RD","(PM) Pavement Patching","WARNER ST",646,1763,26.5,1117,"DEARBORN RD",50.49,65.9,65614.35,455,"2014/10/27"
"349","349",1,"668","RE - Residential Dead End","PM","THORNDIKE ST (N)","(PM) Pavement Patching","HOLLAND ST",0,476,26.5,476,"DEAD END",38.68,61.8,27961.12,668,"2014/11/25"
"350","350",1,"69","RE - Residential Dead End","DN","BOWDOIN ST","Do Nothing","WASHINGTON ST",0,368,26,368,"DEAD END",29.86,90.45,0,69,"2012/06/26"
"351","351",6,"530.1","AR - Arterial","SI","SOMERVILLE AVE","(SI) 3"" Mill & Overlay Art/Col w/ramps","ROSSMORE ST",600,1427,52,827,"PROSPECT ST",78.08,31.24,469412.33,530,"2012/06/26"
"352","352",3,"530","AR - Arterial","SI","SOMERVILLE AVE","(SI) 3"" Mill & Overlay Art/Col w/ramps","MEDFORD ST",0,600,52,600,"ROSSMORE ST",75.62,39.24,340565.66,530,"2012/06/26"
"353","353",4,"53","RE - Residential Dead End","SI","BENEDICT ST","(SI) 2"" Mill & Overlay Local w/ramps","AUSTIN ST",0,261,26.5,261,"DEAD END",46.62,35.98,63647.17,53,"2012/09/20"
"354","354",1,"528","RT - Residential Local","SI","SMITH AVE","(SI) 2"" Mill & Overlay Local w/ramps","BEACON ST",0,263,15,263,"LINE ST",57.15,44.26,36302.49,528,"2012/09/25"
"355","355",6,"552","RT - Residential Local","DN","TAYLOR ST","Do Nothing","SYDNEY ST",0,367,26,367,"MYSTIC AVE",40.18,99.41,0,552,"2012/09/20"
"356","356",8,"556.1","RT - Residential Local","RM","TEN HILLS RD","(RM) Crack Seal","271' N OF PUTNAM RD",1033,2018,26,985,"SHORE DR",48.86,71.22,4296.8,556,"2012/10/04"
"357","357",9,"592","RT - Residential Local","PM","WARNER ST","(PM) Pavement Patching","POWDER HOUSE ROTARY",0,547,39.5,547,"MEDFORD TOWNLINE",50.57,65.66,47894.36,592,"2014/11/18"
"358","358",8,"605","RE - Residential Dead End","DN","WESLEY PARK","Do Nothing","SUMMER ST",0,400,26.5,400,"CUL-DE-SAC",27.05,99.6,0,605,"2012/09/12"
"359","359",8,"610","RT - Residential Local","DN","WESTMINSTER ST","Do Nothing","BROADWAY (E)",0,428,26,428,"ELECTRIC AVE",41.16,96.24,0,610,"2014/11/04"
"360","360",3,"643","RT - Residential Local","RM","BONAIR ST (E)","(RM) Crack Seal","CROSS ST",0,797,26.5,797,"McGRATH HWY",45.8,81.15,3543.55,643,"2012/08/30"
"361","361",1,"647","RT - Residential Local","DN","FOLEY ST","Do Nothing","MIDDLESEX AVE",0,690,48,690,"ASSEMBLY SQUARE DR",40.05,94.85,0,647,"2012/10/05"
"362","362",3,"455","RT - Residential Local","SI","PEARSON RD","(SI) 2"" Mill & Overlay Local w/ramps","BROADWAY (E)",0,646,26.5,646,"WARNER ST",57.96,41.64,157532.75,455,"2014/10/27"
"363","363",1,"454","RT - Residential Local","DN","PEARSON AVE","Do Nothing","MORRISON AVE",0,1376,30,1376,"BOSTON AVE (S)",41.53,95.02,0,454,"2014/10/24"
"364","364",9,"66","RT - Residential Local","SI","BOSTON ST","(SI) 2"" Mill & Overlay Local w/ramps","WASHINGTON ST",0,1933,26,1933,"WALNUT ST",59.92,35.25,462485.1,66,"2012/09/19"
"365","365",10,"663","RE - Residential Dead End","DN","KENT ST (S)","Do Nothing","DEAD END",0,418,18,418,"BEACON ST",27.04,99.62,0,663,"2012/10/02"
"366","366",9,"526.1","RT - Residential Local","SI","SKEHAN ST","(SI) 2"" Mill & Overlay Local w/ramps","205' N OF DURHAM ST",583,788,17,205,"DURHAM ST",59.62,36.25,32069.56,526,"2012/08/29"
"367","367",8,"525","RT - Residential Local","SI","SIMPSON AVE","(SI) 2"" Mill & Overlay Local w/ramps","HOLLAND ST",0,1091,26.5,1091,"BROADWAY (E)",57.96,41.64,266050.14,525,"2014/11/05"
"368","368",3,"520","RT - Residential Local","PM","SEWALL ST","(PM) Pavement Patching","GRANT ST",0,669,27,669,"TEMPLE ST",52.78,58.48,40039.65,520,"2012/09/20"
"369","369",1,"545","RT - Residential Local","RM","SUNNYSIDE AVE","(RM) Crack Seal","WIGGLESWORTH ST",0,345,23,345,"WALNUT ST",43.88,87.4,1331.32,545,"2012/08/30"
"370","370",9,"585","RT - Residential Local","RM","WALKER ST","(RM) Crack Seal","BROADWAY (E)",0,757,26.5,757,"LEONARD ST",43.79,87.68,3365.7,585,"2014/11/12"
"371","371",8,"588.2","CO - Collector","SI","WALNUT ST","(SI) 3"" Mill & Overlay Art/Col w/ramps","PEARL ST",2584,4009,26,1425,"BROADWAY (E)",68.1,46.19,404421.66,588,"2012/08/30"
"372","372",8,"594","RT - Residential Local","SI","WARREN ST","(SI) 2"" Mill & Overlay Local w/ramps","CAMBRIDGE TOWNLINE",0,129,21,129,"MEDFORD ST",58.09,41.22,24928.82,594,"2012/09/24"
"373","373",8,"600","RT - Residential Local","SI","WATSON ST","(SI) 2"" Mill & Overlay Local w/ramps","BROADWAY (E)",0,292,26,292,"FAIRMOUNT AVE",57.59,42.82,69863.64,600,"2014/11/18"
"374","374",7,"631","RT - Residential Local","PM","WINDSOR ST","(PM) Pavement Patching","CAMBRIDGE TOWNLINE",0,560,25.5,560,"SOUTH ST",54.4,53.2,31654.07,631,"2012/09/12"
"375","375",2,"638","RT - Residential Local","DN","WOODSTOCK ST","Do Nothing","VICTORIA ST",0,360,26,360,"ALEWIFE BROOK PKWY",43.46,88.76,0,638,"2014/11/12"
"376","376",4,"657.4","AR - Arterial","SI","BROADWAY (W)","(SI) 3"" Mill & Overlay Art/Col w/ramps","SCHOOL ST",5057,5676,33,619,"BOND ST",76.11,37.64,222972.38,657,"2012/10/19"
"377","377",10,"658.3","AR - Arterial","SI","BROADWAY (E)","(SI) 3"" Mill & Overlay Art/Col w/ramps","MONTGOMERY AVE",2951,3456,34,505,"MCGRATH HWY",76.11,37.64,187420.31,658,"2012/10/19"
"378","378",5,"992","RT - Residential Local","SI","DOW ST","(SI) 2"" Mill & Overlay Local w/ramps","POWDER HOUSE BLVD",0,324,26.5,324,"WARE ST",57.96,41.64,79010.28,992,"2014/11/19"
"379","379",3,"997","RT - Residential Local","PM","CURTIS AVE","(PM) Pavement Patching","CURTIS ST",0,693,26.5,693,"HILLSDALE RD",51.96,61.12,40707.98,997,"2014/11/04"
"380","380",9,"452","RE - Residential Dead End","DN","PEARL ST PL","Do Nothing","PEARL ST",0,191,14.5,191,"DEAD END",27.04,99.61,0,452,"2012/09/24"
"381","381",5,"451.4","CO - Collector","DN","PEARL ST","Do Nothing","SKILTON AV",4401,4932,34,531,"MEDFORD ST",53.78,92.7,0,451,"2012/09/24"
"382","382",9,"82","RT - Residential Local","SI","BURNSIDE AVE","(SI) 2"" Mill & Overlay Local w/ramps","ELM ST",0,774,26,774,"SUMMER ST",57.67,42.58,185185.52,82,"2014/10/24"
"383","383",3,"88","CO - Collector","SI","CAMERON AVE","(SI) 3"" Mill & Overlay Art/Col w/ramps","HOLLAND ST",0,1097,40,1097,"CAMBRIDGE TOWNLINE",69.58,41.36,478975.01,88,"2014/11/04"
"384","384",1,"518","RT - Residential Local","SI","SEVEN PINES AVE","(SI) 2"" Mill & Overlay Local w/ramps","CAMERON AVE",0,217,26.5,217,"CAMBRIDGE TOWNLINE",57.96,41.64,52917.01,518,"2014/11/25"
"385","385",2,"516.2","CO - Collector","DN","SCHOOL ST","Do Nothing","MEDFORD ST",2902,4532,33,1630,"BROADWAY (E)",54.39,90.72,0,516,"2012/09/14"
"386","386",3,"516.1","CO - Collector","SI","SCHOOL ST","(SI) 3"" Mill & Overlay Art/Col w/ramps","HIGHLAND AVE",2003,2902,33,899,"MEDFORD ST",68.57,44.65,323831.46,516,"2012/09/13"
"387","387",8,"516","CO - Collector","SI","SCHOOL ST","(SI) 3"" Mill & Overlay Art/Col w/ramps","SOMERVILLE AVE",0,2003,26.5,2003,"HIGHLAND AVE",68.27,45.63,579392.01,516,"2012/09/13"
"388","388",7,"567","RT - Residential Local","BR","TUFTS ST","(BR) Recon/Reclaim Local w/ramps","WASHINGTON ST",0,1039,27,1039,"CROSS ST",65.59,16.84,469887.75,567,"2012/09/19"
"389","389",6,"576","RT - Residential Local","SI","VICTORIA ST","(SI) 2"" Mill & Overlay Local w/ramps","BROADWAY (E)",0,1068,26.5,1068,"CAMBRIDGE TOWNLINE",57.96,41.64,260441.57,576,"2014/11/12"
"390","390",1,"621","RT - Residential Local","SI","WILLIAM ST","(SI) 2"" Mill & Overlay Local w/ramps","COLLEGE AVE",0,434,26.5,434,"CHANDLER ST",63.66,23.1,105834.85,621,"2014/11/18"
"391","391",7,"626","RE - Residential Dead End","DN","WILSON AVE","Do Nothing","BROADWAY (E)",0,352,23,352,"DEAD END",29.64,91.16,0,626,"2014/11/12"
"392","392",8,"652.2","CO - Collector","SI","POWDER HOUSE BLVD","(SI) 3"" Mill & Overlay Art/Col w/ramps","CURTIS ST",2892,4293,40,1401,"NORTH ST",72.04,35.88,611708.06,652,"2014/11/04"
"393","393",4,"656","RE - Residential Dead End","RM","BELMONT SQ","(RM) Crack Seal","BELMONT ST",0,206,20,206,"DEAD END",33.13,79.84,691.25,656,"2012/09/28"
"394","394",6,"982.1","RT - Residential Local","PM","SHORE DR","(PM) Pavement Patching","CREST HILL RD",1164,2698,26,1535,"FELLSWAY WEST",48.48,57.44,88467.08,982,"2012/12/12"
"395","395",3,"987","RT - Residential Local","PM","HENRY AVE","(PM) Pavement Patching","HIGHLAND AVE",0,347,27,347,"LEXINGTON AVE",49.96,67.64,20767.95,987,"2014/10/27"
"396","396",1,"451.3","CO - Collector","PM","PEARL ST","(PM) Pavement Patching","100' E OF WALNUT ST",3890,4401,33.5,511,"SKILTON AV",65.51,54.59,37946.1,451,"2012/09/24"
"397","397",4,"451.2","CO - Collector","SI","PEARL ST","(SI) 3"" Mill & Overlay Art/Col w/ramps","CROSS ST",2445,3890,33.5,1445,"100' E OF WALNUT ST",71.56,34.92,528394.65,451,"2012/09/24"
"398","398",5,"451.1","CO - Collector","SI","PEARL ST","(SI) 3"" Mill & Overlay Art/Col w/ramps","FRANKLIN ST",1401,2445,26,1044,"CROSS ST",70.92,37,296291.84,451,"2012/09/24"
"399","399",4,"671","RT - Residential Local","DN","MAINE TERR","Do Nothing","MAINE AVE",0,358,22,358,"AUSTIN ST",41.82,94.07,0,671,"2012/09/20"
"400","400",4,"73","RT - Residential Local","SI","BRASTOW AVE","(SI) 2"" Mill & Overlay Local w/ramps","LOWELL ST",0,728,26.5,728,"PORTER ST",61.42,30.37,177529.64,73,"2012/06/25"
"401","401",7,"514","RT - Residential Local","SI","SARTWELL AVE","(SI) 2"" Mill & Overlay Local w/ramps","CEDAR ST",0,466,24,466,"CHERRY ST",57.11,44.38,102917.93,514,"2014/10/27"
"402","402",4,"513","RT - Residential Local","SI","SARGENT AVE","(SI) 2"" Mill & Overlay Local w/ramps","BROADWAY (E)",0,1127,26.5,1127,"WALNUT ST",59.48,36.7,274829.06,513,"2012/10/03"
"403","403",10,"511","RT - Residential Local","DN","SANBORN AVE","Do Nothing","WARREN AVE",0,318,26,318,"WALNUT ST",40.18,99.4,0,511,"2012/09/19"
"404","404",4,"510","RT - Residential Local","RM","SACRAMENTO ST","(RM) Crack Seal","CAMBRIDGE TOWNLINE",0,375,20,375,"DEAD END",49.44,69.33,1258.33,510,"2012/10/02"
"405","405",3,"556","RT - Residential Local","RM","TEN HILLS RD","(RM) Crack Seal","BAILEY RD",0,1033,20,1033,"271' N OF PUTNAM RD",49.14,70.31,3466.3,556,"2012/10/04"
"406","406",7,"560","RT - Residential Local","DN","THURSTON ST","Do Nothing","RICHDALE AVE",0,414,26,414,"MEDFORD ST",40.18,99.4,0,560,"2012/09/19"
"407","407",9,"547.3","RT - Residential Local","SI","SYCAMORE ST","(SI) 2"" Mill & Overlay Local w/ramps","EVERGREEN AVE",1891,2712,29,821,"BROADWAY (E)",62.77,26,219095.34,547,"2012/11/05"
"408","408",6,"609","RE - Residential Dead End","DN","WEST ST","Do Nothing","HAWTHORNE ST",0,264,19.5,264,"HIGHLAND AVE",28.55,94.7,0,609,"2014/10/27"
"409","409",9,"614","RT - Residential Local","DN","WHEELER ST","Do Nothing","MOUNT VERNON ST",0,313,26,313,"PINCKNEY ST",40.1,99.69,0,614,"2012/10/05"
"410","410",9,"646","RE - Residential Dead End","PM","COBBLE HILL RD","(PM) Pavement Patching","NEW WASHINGTON ST",0,796,26,796,"DEAD END",42.5,49.38,45876.22,646,"2012/11/03"
"411","411",9,"65","RT - Residential Local","RM","BONNER AVE","(RM) Crack Seal","WASHINGTON ST",0,432,27,432,"COLUMBUS AVE",47.76,74.79,1956.96,65,"2012/09/13"
"412","412",9,"96.1","CO - Collector","SI","CEDAR ST","(SI) 3"" Mill & Overlay Art/Col w/ramps","HIGHLAND AVE",1751,3564,26.5,1813,"MURDOCK ST",71.78,39.22,524432.63,96,"2014/11/25"
"413","413",3,"451","CO - Collector","SI","PEARL ST","(SI) 3"" Mill & Overlay Art/Col w/ramps","CRESCENT ST",0,1401,32,1401,"FRANKLIN ST",71.89,33.85,489365.86,451,"2012/09/24"
"414","414",9,"450","RT - Residential Local","SI","PAULINA ST","(SI) 2"" Mill & Overlay Local w/ramps","HOLLAND ST",0,835,26.5,835,"BROADWAY (E)",58.02,41.44,203622.08,450,"2014/11/04"
"415","415",9,"662","RE - Residential Dead End","DN","KENT ST (N)","Do Nothing","SOMERVILLE AVE",0,321,34,321,"DEAD END",27.04,99.62,0,662,"2012/10/02"
"416","416",4,"667","RT - Residential Local","PM","RUSH ST (S)","(PM) Pavement Patching","PEARL ST",0,360,26,360,"FLINT ST",54.3,53.52,20748,667,"2012/09/19"
"417","417",2,"509","RT - Residential Local","PM","RUSSELL ST","(PM) Pavement Patching","ELM ST",0,777,26.5,777,"CAMBRIDGE TOWNLINE",50.09,67.22,45642.21,509,"2014/10/27"
"418","418",5,"508","RE - Residential Dead End","PM","RUSSELL RD","(PM) Pavement Patching","BROADWAY (E)",0,560,26.5,560,"HAMILTON RD",39.4,59.46,32895.36,508,"2014/11/18"
"419","419",4,"506","RT - Residential Local","RM","ROSSMORE ST","(RM) Crack Seal","SOMERVILLE AVE",0,610,27,610,"WASHINGTON ST",44.17,86.44,2763.3,506,"2012/09/13"
"420","420",3,"505","RT - Residential Local","BR","ROSELAND ST","(BR) Recon/Reclaim Local w/ramps","CAMBRIDGE TOWNLINE",0,159,24.5,159,"BEACON ST",64.01,21.96,65249.12,505,"2012/06/25"
"421","421",10,"544","RT - Residential Local","SI","SUMMIT ST","(SI) 2"" Mill & Overlay Local w/ramps","COLLEGE AVE",0,315,26.5,315,"BILLINGHAM ST",61.6,29.8,76815.55,544,"2014/11/12"
"422","422",4,"55","RT - Residential Local","PM","BENTON RD","(PM) Pavement Patching","SUMMER ST",0,1314,26.5,1314,"HUDSON ST",55.46,49.76,77186.55,55,"2012/09/25"
"423","423",2,"588.1","CO - Collector","RM","WALNUT ST","(RM) Crack Seal","MEDFORD ST",2008,2584,26,576,"PEARL ST",58.07,78.78,2512.64,588,"2012/08/30"
"424","424",3,"591","RT - Residential Local","SI","WARE ST","(SI) 2"" Mill & Overlay Local w/ramps","CURTIS ST",0,790,26,790,"RUSSELL RD",57.96,41.64,189013.46,591,"2014/11/19"
"425","425",1,"599","RT - Residential Local","DN","WATERHOUSE ST","Do Nothing","BROADWAY (E)",0,1010,26.5,1010,"CAMBRIDGE TOWNLINE",41.45,95.28,0,599,"2014/11/12"
"426","426",1,"604","RE - Residential Dead End","PM","WELLINGTON AVE","(PM) Pavement Patching","WALNUT ST",0,215,26.5,215,"MONTGOMERY AVE",42.22,50.28,12629.55,604,"2012/10/15"
"427","427",8,"637","RT - Residential Local","PM","WOODS AVE","(PM) Pavement Patching","NORTH ST",0,1218,26.5,1218,"ALEWIFE BROOK PKWY",56.3,47.04,71547.28,637,"2014/11/18"
"428","428",9,"642","RT - Residential Local","RM","BONAIR ST (W)","(RM) Crack Seal","McGRATH HWY",0,733,27,733,"WALNUT ST",45.2,83.1,3320.49,642,"2012/08/30"
"429","429",4,"658.2","AR - Arterial","SI","BROADWAY (E)","(SI) 3"" Mill & Overlay Art/Col w/ramps","SARGENT AVE",2266,2951,35,685,"MONTGOMERY AVE",76.11,37.64,261700.55,658,"2012/10/19"
"430","430",1,"996","RT - Residential Local","SI","COLLEGE HILL RD","(SI) 2"" Mill & Overlay Local w/ramps","NORTH ST",0,273,26.5,273,"CONWELL AVE",56.98,44.8,66573.2,996,"2014/11/18"
"431","431",7,"45","RT - Residential Local","SI","BEDFORD ST","(SI) 2"" Mill & Overlay Local w/ramps","CAMBRIDGE TOWNLINE",0,174,20,174,"SOUTH ST",58.09,41.2,32024.01,45,"2012/09/24"
"432","432",5,"449","RT - Residential Local","PM","PARTRIDGE AVE","(PM) Pavement Patching","VERNON ST",0,1572,24.5,1572,"BROADWAY (E)",53.24,56.96,85372.63,449,"2012/09/14"
"433","433",6,"659","RT - Residential Local","SI","CENTRAL RD","(SI) 2"" Mill & Overlay Local w/ramps","CENTRAL ST",0,560,26,560,"SYCAMORE ST",57.87,41.92,133984.54,659,"2012/10/02"
"434","434",9,"87","RT - Residential Local","DN","CAMBRIA ST","Do Nothing","CENTRAL ST",0,527,26.5,527,"BENTON RD",41.84,94.01,0,87,"2012/06/26"
"435","435",1,"95","RT - Residential Local","SI","CEDAR AVE","(SI) 2"" Mill & Overlay Local w/ramps","CEDAR ST",0,330,14.5,330,"LINDEN AVE",57.39,43.48,44032.91,95,"2014/10/27"
"436","436",5,"504","RT - Residential Local","RM","ROSE ST","(RM) Crack Seal","WASHINGTON ST",0,501,26,501,"LEWIS ST",43.91,87.28,2185.47,504,"2012/06/26"
"437","437",5,"503","RT - Residential Local","SI","ROGERS AVE","(SI) 2"" Mill & Overlay Local w/ramps","MORRISON AVE",0,1728,30,1728,"BOSTON AVE (S)",57.96,41.64,477043.2,503,"2014/10/24"
"438","438",5,"502","RT - Residential Local","SI","ROBINSON ST","(SI) 2"" Mill & Overlay Local w/ramps","CENTRAL ST",0,688,26,688,"BARTLETT ST",62.63,26.44,164609.72,502,"2012/09/28"
"439","439",6,"575","RT - Residential Local","PM","VERNON ST","(PM) Pavement Patching","CENTRAL ST",0,1422,26.5,1422,"LOWELL ST",52.23,60.24,83530.65,575,"2012/06/26"
"440","440",3,"584","RT - Residential Local","PM","WALDO ST","(PM) Pavement Patching","HIGHLAND AVE",0,339,26,339,"HUDSON ST",55.66,49.12,19537.63,584,"2012/06/15"
"441","441",3,"593","RT - Residential Local","SI","WARREN AVE","(SI) 2"" Mill & Overlay Local w/ramps","BOW ST",0,712,26.5,712,"COLUMBUS AVE",59.82,35.6,173627.16,593,"2012/09/12"
"442","442",4,"625","RT - Residential Local","PM","WILLOW PL","(PM) Pavement Patching","SOUTH ST",0,197,17,197,"CAMBRIDGE TOWNLINE",51.06,64.04,7423.59,625,"2012/09/12"
"443","443",1,"630","RT - Residential Local","RM","WINDSOR RD","(RM) Crack Seal","HANCOCK ST",0,621,26,621,"WILLOW AVE",48.34,72.9,2708.94,630,"2014/11/19"
"444","444",3,"655","RT - Residential Local","PM","ABERDEEN RD","(PM) Pavement Patching","CEDAR ST",0,470,26,470,"HIGHLAND AVE",50.86,64.7,27087.71,655,"2014/10/27"
"445","445",9,"657.3","AR - Arterial","SI","BROADWAY (W)","(SI) 3"" Mill & Overlay Art/Col w/ramps","130' E OF MARSHALL ST",4383,5057,34,674,"SCHOOL ST",76.11,37.64,250140.65,657,"2012/10/19"
"446","446",9,"986","RT - Residential Local","PM","NORFOLK ST","(PM) Pavement Patching","CAMBRIDGE TOWNLINE",0,324,27,324,"WEBSTER AV",52.5,59.36,19391.4,986,"2012/09/12"
"447","447",1,"991","RT - Residential Local","SI","JAY ST","(SI) 2"" Mill & Overlay Local w/ramps","HOLLAND ST",0,579,26.5,579,"HOWARD ST",57.96,41.64,141194.02,991,"2014/11/25"
"448","448",2,"448","RT - Residential Local","PM","PARKER ST","(PM) Pavement Patching","WASHINGTON ST",0,249,23,249,"FREMONT AVE",50.36,66.32,12694.78,448,"2012/06/26"
"449","449",5,"446","RT - Residential Local","PM","PARKDALE ST","(PM) Pavement Patching","WASHINGTON ST",0,551,26.5,551,"LEWIS ST",55.14,50.8,32366.68,446,"2012/06/26"
"450","450",1,"445","CO - Collector","PM","PARK ST","(PM) Pavement Patching","SOMERVILLE AVE",0,1332,33,1332,"CAMBRIDGE TOWNLINE",62.54,64.25,97435.8,445,"2012/09/25"
"451","451",4,"72","RT - Residential Local","SI","BRADLEY ST","(SI) 2"" Mill & Overlay Local w/ramps","PEARL ST",0,808,26.5,808,"JACKSON RD",56.63,45.94,197037.89,72,"2012/09/24"
"452","452",2,"79","RT - Residential Local","PM","BUCKINGHAM ST","(PM) Pavement Patching","BEACON ST",0,345,26.5,345,"DIMICK ST",50.4,66.2,20265.81,79,"2012/09/14"
"453","453",5,"50","RT - Residential Local","PM","BELMONT ST","(PM) Pavement Patching","SOMERVILLE AVE",0,2294,25,2294,"HIGHLAND AVE",52.65,58.88,127125.79,50,"2012/09/25"
"454","454",3,"5","RT - Residential Local","PM","ADAMS ST","(PM) Pavement Patching","MEDFORD AT",0,980,26,980,"BROADWAY (E)",52.6,59.04,56480.64,5,"2012/10/03"
"455","455",2,"499","RT - Residential Local","RM","RICHDALE AVE","(RM) Crack Seal","SCHOOL ST",0,921,26.5,921,"SYCAMORE ST",49.76,68.28,4094.86,499,"2012/09/27"
"456","456",10,"497","RT - Residential Local","RM","RICHARDSON ST","(RM) Crack Seal","LOWELL ST",0,502,23,502,"HINCKLEY ST",49.16,70.24,1937.16,497,"2012/10/02"
"457","457",4,"56","RT - Residential Local","SI","BERKELEY ST","(SI) 2"" Mill & Overlay Local w/ramps","SCHOOL ST",0,1404,26.5,1404,"CENTRAL ST",56.71,45.7,342377.88,56,"2012/08/29"
"458","458",2,"566","RT - Residential Local","PM","TRULL ST","(PM) Pavement Patching","VERNON ST",0,1096,26.5,1096,"MEDFORD ST",55.34,50.16,64380.84,566,"2012/09/14"
"459","459",3,"613.1","RT - Residential Local","SI","WHEATLAND ST","(SI) 2"" Mill & Overlay Local w/ramps","JAQUES ST",611,1483,27,872,"DEAD END",57.42,28.39,216657.12,613,"2012/10/04"
"460","460",2,"620","RT - Residential Local","RM","WIGGLESWORTH ST","(RM) Crack Seal","PEARL ST",0,789,27,789,"BONAIR ST (W)",49.01,70.73,3574.17,620,"2012/09/24"
"461","461",6,"649","RT - Residential Local","PM","OTIS ST (E)","(PM) Pavement Patching","CROSS ST",0,798,26.5,798,"McGRATH HWY",50.42,66.14,46875.92,649,"2012/09/20"
"462","462",7,"652.1","CO - Collector","SI","POWDER HOUSE BLVD","(SI) 3"" Mill & Overlay Art/Col w/ramps","MASON ST",1477,2892,40,1415,"CURTIS ST",73.36,31.57,617820.55,652,"2014/11/04"
"463","463",4,"96","CO - Collector","SI","CEDAR ST","(SI) 3"" Mill & Overlay Art/Col w/ramps","ELM ST",0,1751,26.5,1751,"HIGHLAND AVE",69.25,47.45,506497.93,96,"2014/11/25"
"464","464",7,"982","RT - Residential Local","SI","SHORE DR","(SI) 2"" Mill & Overlay Local w/ramps","MYSTIC AVE",0,1164,26,1164,"CREST HILL RD",57.14,29.29,278496.33,982,"2012/12/12"
"465","465",2,"443","CO - Collector","PM","PARK AVE","(PM) Pavement Patching","COLLEGE AVE",0,516,26.5,516,"WALLACE ST",65.27,55.36,30310.63,443,"2014/11/19"
"466","466",6,"441","RT - Residential Local","SI","PACKARD AVE","(SI) 2"" Mill & Overlay Local w/ramps","BROADWAY (E)",0,1956,40.5,1956,"MEDFORD TOWNLINE",60.47,33.48,728981.64,441,"2014/11/04"
"467","467",10,"666","RE - Residential Dead End","PM","RUSH ST (N)","(PM) Pavement Patching","BROADWAY (E)",0,683,27,683,"DEAD END",40.1,57.18,40877.55,666,"2012/10/03"
"468","468",10,"670","RT - Residential Local","SI","CYPRESS ST","(SI) 2"" Mill & Overlay Local w/ramps","CENTRAL ST",0,299,26.5,299,"BEECH ST",63.14,24.8,72913.9,670,"2012/07/02"
"469","469",10,"496","RT - Residential Local","SI","RHODE ISLAND AVE","(SI) 2"" Mill & Overlay Local w/ramps","PENNSYLVANIA AVE",0,308,25,308,"CONNECTICUT AVE",57.89,41.86,70857.48,496,"2012/09/20"
"470","470",9,"492","RT - Residential Local","SI","RAYMOND AVE","(SI) 2"" Mill & Overlay Local w/ramps","CURTIS ST",0,1386,26.5,1386,"NORTH ST",58.72,39.15,337988.42,492,"2014/11/04"
"471","471",7,"490","RT - Residential Local","PM","RADCLIFFE RD","(PM) Pavement Patching","WALNUT ST",0,735,24,735,"MARSHALL ST",54.52,52.8,39102,490,"2012/09/28"
"472","472",7,"49","RE - Residential Dead End","DN","BELMONT PL","Do Nothing","BELMONT ST",0,180,14.5,180,"DEAD END",29.55,91.46,0,49,"2012/09/28"
"473","473",2,"547.1","RT - Residential Local","RM","SYCAMORE ST","(RM) Crack Seal","MONTROSE ST",532,1072,26,540,"PEMBROKE ST",44.47,85.48,2355.6,547,"2012/09/19"
"474","474",3,"549","RT - Residential Local","RM","SYDNEY ST","(RM) Crack Seal","GRANT ST",0,738,27,738,"TEMPLE ST",46.94,77.44,3343.14,549,"2012/09/20"
"475","475",4,"555","CO - Collector","DN","TEMPLE ST","Do Nothing","BROADWAY (W)",0,1945,44,1945,"BAILEY RD",52.04,98.38,0,555,"2012/09/20"
"476","476",5,"590","RT - Residential Local","BR","WARD ST","(BR) Recon/Reclaim Local w/ramps","MEDFORD ST",0,473,20,473,"HARDING ST",64.35,20.86,158454.83,590,"2012/09/24"
"477","477",6,"547.2","RT - Residential Local","SI","SYCAMORE ST","(SI) 2"" Mill & Overlay Local w/ramps","PEMBROKE ST",1072,1891,29,819,"EVERGREEN AVE",58.09,41.22,218561.98,547,"2012/09/19"
"478","478",7,"603","RE - Residential Dead End","SI","WEBSTER ST","(SI) 2"" Mill & Overlay Local w/ramps","FRANKLIN ST",0,553,24,553,"GLEN ST",47.77,32.26,122132.17,603,"2012/09/13"
"479","479",5,"608","RT - Residential Local","SI","WEST QUINCY ST","(SI) 2"" Mill & Overlay Local w/ramps","MEDFORD TOWNLINE",0,311,26.5,311,"BAILEY ST",57.96,41.64,75839.93,608,"2014/11/18"
"480","480",9,"641","RE - Residential Dead End","DN","YORKTOWN ST","Do Nothing","CAMBRIDGE TOWNLINE",0,294,26.5,294,"MALVERN AVE",27.7,97.48,0,641,"2014/11/25"
"481","481",4,"645","CO - Collector","PM","BOSTON AVE (N)","(PM) Pavement Patching","MEDFORD TOWNLINE (E)",0,947,40,947,"MEDFORD TOWNLINE (W)",62.69,63.76,83967.36,645,"2014/11/18"
"482","482",6,"440","RT - Residential Local","SI","OSSIPEE RD","(SI) 2"" Mill & Overlay Local w/ramps","MASON ST",0,1417,26,1417,"CURTIS ST",56.89,45.1,339028.64,440,"2014/11/12"
"483","483",3,"438","RT - Residential Local","DN","ORCHARD ST","Do Nothing","CAMBRIDGE TOWNLINE",0,1585,26.5,1585,"MEACHAM RD",41.05,96.58,0,438,"2014/10/27"
"484","484",6,"658.5","AR - Arterial","DN","BROADWAY (E)","Do Nothing","CUTTER ST",5103,6752,34,1649,"BOSTON TOWNLINE",56.99,99.79,0,658,"2012/10/19"
"485","485",8,"661","RT - Residential Local","RM","GILMAN ST","(RM) Crack Seal","CROSS ST",0,1483,26.5,1483,"WALNUT ST",44.79,84.44,6593.58,661,"2012/09/19"
"486","486",9,"93","RE - Residential Dead End","DN","CARTER TERR","Do Nothing","SUMMER ST",0,189,26.5,189,"DEAD END",27.05,99.59,0,93,"2012/08/30"
"487","487",4,"489","RT - Residential Local","SI","QUINCY ST","(SI) 2"" Mill & Overlay Local w/ramps","SOMERVILLE AVE",0,841,26.5,841,"SUMMER ST",58.15,41.02,205085.51,489,"2012/09/14"
"488","488",3,"488","RT - Residential Local","SI","PUTNAM ST","(SI) 2"" Mill & Overlay Local w/ramps","SUMMER ST",0,1322,32.5,1322,"HIGHLAND AVE",60.6,33.04,395373.57,488,"2012/06/26"
"489","489",2,"487","RT - Residential Local","DN","PUTNAM RD","Do Nothing","TEN HILLS RD",0,1208,26.5,1208,"SHORE DR",41.22,96.04,0,487,"2012/09/20"
"490","490",8,"543","RT - Residential Local","SI","SUMMIT AVE","(SI) 2"" Mill & Overlay Local w/ramps","WALNUT ST",0,577,30,577,"VINAL AVE",57.59,42.82,159290.19,543,"2012/09/19"
"491","491",6,"583","RT - Residential Local","PM","WALDO AVE","(PM) Pavement Patching","DIMICK ST",0,332,27,332,"BEACON ST",55.63,49.2,19870.2,583,"2012/09/14"
"492","492",4,"588","CO - Collector","DN","WALNUT ST","Do Nothing","BOW ST",0,2008,25.5,2008,"MEDFORD ST",52.07,98.26,0,588,"2012/08/30"
"493","493",7,"597.1","AR - Arterial","SI","WASHINGTON ST (W)","(SI) 3"" Mill & Overlay Art/Col w/ramps","MEDFORD ST",2540,3662,49,1122,"PROSPECT ST",76.55,36.22,600115.74,597,"2012/10/17"
"494","494",8,"63","RT - Residential Local","BR","BOLTON ST","(BR) Recon/Reclaim Local w/ramps","OAK ST",0,522,24.5,522,"HOUGHTON ST",64.62,19.97,214215.75,63,"2012/09/12"
"495","495",6,"635","RT - Residential Local","RM","WISCONSIN AVE","(RM) Crack Seal","BROADWAY (W)",0,549,27,549,"PENNSYLVANIA AVE",45.17,83.2,2486.97,635,"2012/09/20"
"496","496",10,"657.2","AR - Arterial","SI","BROADWAY (W)","(SI) 3"" Mill & Overlay Art/Col w/ramps","McGRATH HWY",3007,4383,35,1376,"130' E OF MARSHALL ST",76.11,37.64,525693.05,657,"2012/10/19"
"497","497",3,"658.1","AR - Arterial","SI","BROADWAY (E)","(SI) 3"" Mill & Overlay Art/Col w/ramps","SCHOOL ST",1394,2266,34,872,"SARGENT AVE",76.11,37.64,323624.17,658,"2012/10/19"
"498","498",2,"990","RT - Residential Local","SI","CORINTHIAN RD","(SI) 2"" Mill & Overlay Local w/ramps","BROADWAY",0,609,26.5,609,"CADY AVE",57.96,41.64,148510.34,990,"2014/11/05"
"499","499",9,"995","RT - Residential Local","PM","CHETWYND RD","(PM) Pavement Patching","CURTIS ST",0,933,26.5,933,"WEST ADAMS ST",55.34,50.16,54806.04,995,"2014/11/04"
"500","500",3,"437","RT - Residential Local","PM","OLIVER ST","(PM) Pavement Patching","FRANKLIN ST",0,1128,26.5,1128,"CROSS ST",54.82,51.84,66260.53,437,"2012/09/19"
"501","501",9,"435","RT - Residential Local","RM","OAKLAND AVE","(RM) Crack Seal","MARSHALL ST",0,475,25.5,475,"SCHOOL ST",49.39,69.47,2032.2,435,"2012/09/24"
"502","502",5,"78","RT - Residential Local","PM","BROWNING RD","(PM) Pavement Patching","SYCAMORE ST",0,722,26,722,"CENTRAL ST",51.42,62.9,41611.31,78,"2012/09/28"
"503","503",3,"86","RT - Residential Local","SI","CALVIN ST","(SI) 2"" Mill & Overlay Local w/ramps","WASHINGTON ST",0,722,23,722,"BEACON ST",58.09,41.22,152812.01,86,"2012/06/26"
"504","504",7,"486","RT - Residential Local","DN","PURITAN RD","Do Nothing","TEN HILLS RD",0,1387,26.5,1387,"SHORE DR",42.51,91.84,0,486,"2012/09/20"
"505","505",8,"485.1","AR - Arterial","DN","PROSPECT ST","Do Nothing","WEBSTER AVE",1060,2088,33.5,1028,"CAMBRIDGE TOWNLINE",57.72,92.42,0,485,"2012/10/16"
"506","506",4,"485","AR - Arterial","RM","PROSPECT ST","(RM) Crack Seal","WASHINGTON ST",0,1060,36,1060,"WEBSTER AVE",60.74,82.6,6402.4,485,"2012/10/16"
"507","507",10,"483","RT - Residential Local","PM","PROSPECT HILL PKWY","(PM) Pavement Patching","COLUMBUS AVE",0,556,26,556,"MUNROE ST",53.37,56.56,32044.09,483,"2012/09/12"
"508","508",2,"564","RT - Residential Local","SI","TREMONT ST","(SI) 2"" Mill & Overlay Local w/ramps","CAMBRIDGE TOWNLINE",0,619,26.5,619,"WEBSTER AVE",58.88,38.65,150948.56,564,"2012/09/12"
"509","509",4,"574","RT - Residential Local","PM","VERMONT AVE","(PM) Pavement Patching","PENNSYLVANIA AVE",0,305,25,305,"NEW HAMPSHIRE AVE",55.19,50.64,16902.04,574,"2012/09/20"
"510","510",1,"619","RT - Residential Local","SI","WHITMAN ST","(SI) 2"" Mill & Overlay Local w/ramps","MASON ST",0,683,26.5,683,"PACKARD AVE",56.32,46.96,166555.99,619,"2014/11/18"
"511","511",3,"624.1","CO - Collector","DN","WILLOW AVE","Do Nothing","HIGHLAND ST",1125,3588,33.5,2463,"BROADWAY (E)",52.7,96.23,0,624,"2014/10/24"
"512","512",4,"652","CO - Collector","SI","POWDER HOUSE BLVD","(SI) 3"" Mill & Overlay Art/Col w/ramps","POWDER HOUSE ROTARY",0,1477,40,1477,"MASON ST",70.88,39.64,644890.59,652,"2014/11/04"
"513","513",9,"654","CO - Collector","PM","VINAL AVE","(PM) Pavement Patching","SUMMER ST",0,1483,29.5,1483,"HIGHLAND AVE",61.42,67.89,96975.75,654,"2012/08/30"
"514","514",9,"98.1","CO - Collector","RM","CENTRAL ST","(RM) Crack Seal","SUMMER ST",1080,4882,26.5,3802,"BROADWAY (E)",57.32,81.2,16904.12,98,"2012/08/30"
"515","515",2,"985","RT - Residential Local","DN","NEW RD","Do Nothing","MIDDLESEX AVE",0,680,48,680,"ASSEMBLY SQUARE DR",37.01,94.73,0,985,"2012/12/12"
"516","516",9,"433.1","RT - Residential Local","SI","OAK ST","(SI) 2"" Mill & Overlay Local w/ramps","550' N OF CAMBRIDGE TOWNLINE",687,1254,20,567,"CAMBRIDGE TOWNLINE",61.33,30.67,104353.2,433,"2012/09/12"
"517","517",4,"433","RT - Residential Local","BR","OAK ST","(BR) Recon/Reclaim Local w/ramps","PROSPECT ST",0,687,26.5,687,"550' N OF CAMBRIDGE TOWNLINE",64.38,20.78,304941.62,433,"2012/09/12"
"518","518",2,"432","RT - Residential Local","RM","NORWOOD AVE","(RM) Crack Seal","MEDFORD ST",0,429,26.5,429,"BROADWAY (E)",48.1,73.67,1907.39,432,"2012/10/17"
"519","519",7,"67","CO - Collector","DN","BOW ST","Do Nothing","WASHINGTON ST",0,1583,37,1583,"CHURCH ST",55.25,92.93,0,67,"2012/09/25"
"520","520",3,"71","RE - Residential Dead End","RM","BRADFORD AVE","(RM) Crack Seal","SCHOOL ST",0,162,27,162,"DEAD END",36.51,68.85,733.86,71,"2012/09/24"
"521","521",2,"482","RT - Residential Local","PM","PROSPECT HILL AVE","(PM) Pavement Patching","MEDFORD ST",0,645,26.5,645,"MUNROE ST",53.71,55.44,37888.44,482,"2012/09/12"
"522","522",4,"481","RT - Residential Local","RM","PROFESSORS ROW","(RM) Crack Seal","COLLEGE AVE",0,2050,28,2050,"CURTIS ST",48.94,70.94,9630.45,481,"2014/11/19"
"523","523",7,"478","RT - Residential Local","RM","PRINCETON ST","(RM) Crack Seal","ALPINE ST",0,676,26.5,676,"LOWELL ST",45.91,80.8,3005.56,478,"2012/09/14"
"524","524",3,"477","RT - Residential Local","RM","PRICHARD AVE","(RM) Crack Seal","MORRISON AVE",0,1210,26.5,1210,"BOSTON AVE (S)",44.82,84.32,5379.8,477,"2014/10/24"
"525","525",10,"554","RT - Residential Local","PM","TEMPLE RD","(PM) Pavement Patching","BAILEY RD",0,1234,27,1234,"SHORE DR",56.22,47.28,73854.9,554,"2012/09/20"
"526","526",2,"559","RE - Residential Dead End","SI","THORPE ST","(SI) 2"" Mill & Overlay Local w/ramps","HIGHLAND AVE",0,477,20.5,477,"DEAD END",50.06,24.8,89983.93,559,"2012/09/12"
"527","527",1,"607","RT - Residential Local","SI","WEST ADAMS ST","(SI) 2"" Mill & Overlay Local w/ramps","MEDFORD TOWNLINE",0,729,26.5,729,"CONWELL AVE",57.96,41.64,177773.13,607,"2014/11/18"
"528","528",7,"613","RT - Residential Local","SI","WHEATLAND ST","(SI) 2"" Mill & Overlay Local w/ramps","BROADWAY (W)",0,611,27,611,"JAQUES ST",63.91,22.28,151809.06,613,"2012/10/04"
"529","529",3,"644.1","CO - Collector","RM","BOSTON AVE (S)","(RM) Crack Seal","150' S OF PRICHARD AVE",1114,2219,33,1105,"MEDFORD TOWNLINE",56.87,82.68,6118.02,644,"2014/11/25"
"530","530",6,"648.1","CO - Collector","SI","MIDDLESEX AVE","(SI) 3"" Mill & Overlay Art/Col w/ramps","FOLEY ST",723,2118,60.5,1395,"FELLSWAY WEST",72.46,34.52,921245.6,648,"2012/10/17"
"531","531",9,"430","CO - Collector","SI","NORTH ST","(SI) 3"" Mill & Overlay Art/Col w/ramps","BROADWAY (E)",0,2642,26.5,2642,"MEDFORD TOWNLINE",70.86,37.2,764230.57,430,"2014/11/18"
"532","532",3,"427.1","CO - Collector","RM","NEWTON ST","(RM) Crack Seal","WEBSTER AVE",548,1757,28,1209,"MARION ST",58.03,78.9,5679.61,427,"2012/10/16"
"533","533",1,"660.1","CO - Collector","PM","COLLEGE AVE","(PM) Pavement Patching","BROADWAY",2464,4017,40,1553,"MEDFORD TOWNLINE",63.71,65.44,137699.29,660,"2014/11/25"
"534","534",4,"665","RT - Residential Local","BR","PROPERZI WAY (S)","(BR) Recon/Reclaim Local w/ramps","HANSON ST",0,681,20,681,"BEACON ST",66.49,13.92,228134.5,665,"2012/09/25"
"535","535",8,"476","RT - Residential Local","PM","PRESTON RD","(PM) Pavement Patching","SCHOOL ST",0,845,26,845,"SUMMER ST",54.89,51.6,48700.14,476,"2012/08/29"
"536","536",10,"475","RT - Residential Local","PM","PRESCOTT ST","(PM) Pavement Patching","SUMMER ST",0,1163,33,1163,"HIGHLAND AVE",55.95,48.16,85073.38,475,"2012/06/26"
"537","537",3,"472","RT - Residential Local","SI","POWDERHOUSE TER","(SI) 2"" Mill & Overlay Local w/ramps","KIDDER AVE",0,625,26.5,625,"LIBERTY AVE",57.8,42.16,152411.99,472,"2014/11/12"
"538","538",9,"471.1","RT - Residential Local","BR","PORTER ST","(BR) Recon/Reclaim Local w/ramps","SUMMER ST",1265,2109,26,844,"HIGHLAND AVE",66.64,13.41,367561.67,471,"2012/07/02"
"539","539",6,"542.3","CO - Collector","PM","SUMMER ST","(PM) Pavement Patching","WILLOW AVE",6856,8097,30,1241,"ELM ST",63.51,66.09,82526.57,542,"2012/09/24"
"540","540",4,"547","RT - Residential Local","SI","SYCAMORE ST","(SI) 2"" Mill & Overlay Local w/ramps","HIGHLAND AVE",0,532,23.5,532,"MONTROSE ST",60.33,33.92,115046.09,547,"2012/09/19"
"541","541",5,"587","RE - Residential Dead End","PM","WALNUT RD","(PM) Pavement Patching","WALNUT ST",0,369,26,369,"DEAD END",40.71,55.2,21266.7,587,"2012/10/15"
"542","542",10,"59","RT - Residential Local","SI","BILLINGHAM ST","(SI) 2"" Mill & Overlay Local w/ramps","WILLIAM ST",0,628,26,628,"BROADWAY (E)",59.78,35.7,150253.7,59,"2014/11/12"
"543","543",7,"597","AR - Arterial","RM","WASHINGTON ST (W)","(RM) Crack Seal","BOSTON TOWNLINE",0,2540,58,2540,"MEDFORD ST",60.94,86.93,24717.02,597,"2012/10/17"
"544","544",9,"602.1","CO - Collector","SI","WEBSTER AVE","(SI) 3"" Mill & Overlay Art/Col w/ramps","PROSPECT ST",976,1977,34,1001,"CAMBRIDGE TOWNLINE",69.78,40.72,371500.45,602,"2012/10/16"
"545","545",6,"634","RT - Residential Local","DN","WINTER ST","Do Nothing","COLLEGE AVE",0,473,20,473,"HOLLAND ST",40.18,99.43,0,634,"2014/11/12"
"546","546",8,"640","RT - Residential Local","DN","WYATT ST","Do Nothing","CONCORD AVE",0,548,27,548,"LINCOLN PKWY",40.1,99.69,0,640,"2012/09/14"
"547","547",7,"658","AR - Arterial","SI","BROADWAY (E)","(SI) 3"" Mill & Overlay Art/Col w/ramps","CENTRAL ST",0,1394,36,1394,"SCHOOL ST",76.11,37.64,547786.24,658,"2012/10/19"
"548","548",8,"994","RT - Residential Local","PM","BAILEY ST","(PM) Pavement Patching","WEST ADAMS ST",0,466,26.5,466,"NORTH ST",53.29,56.8,27373.59,994,"2014/11/18"
"549","549",8,"999","RE - Residential Dead End","PM","CAPEN ST","(PM) Pavement Patching","MYSTIC VALLEY PKWY",0,228,23.5,228,"END OF PUBLIC WAY",38.23,63.25,11876.83,999,"2014/11/18"
"550","550",7,"427","CO - Collector","RM","NEWTON ST","(RM) Crack Seal","PROSPECT ST",0,548,19.5,548,"WEBSTER AVE",57.77,79.74,1792.87,427,"2012/10/16"
"551","551",5,"425","RT - Residential Local","PM","NEWBURY ST","(PM) Pavement Patching","HOLLAND ST",0,1293,26.5,1293,"CAMBRIDGE TOWNLINE",53.64,55.68,75953.04,425,"2014/11/25"
"552","552",5,"658.4","AR - Arterial","DN","BROADWAY (E)","Do Nothing","MCGRATH HWY",3456,5103,34,1647,"CUTTER ST",56.99,99.79,0,658,"2012/11/05"
"553","553",3,"84","RE - Residential Dead End","RM","CADY AVE","(RM) Crack Seal","SIMPSON AVE",0,222,26,222,"DEAD END",33.14,79.8,968.41,84,"2014/11/18"
"554","554",5,"92","RT - Residential Local","RM","CARLTON ST","(RM) Crack Seal","SOMERVILLE AVE",0,348,26.5,348,"LAKE ST",45.86,80.95,1547.25,92,"2012/09/14"
"555","555",10,"471","RT - Residential Local","SI","PORTER ST","(SI) 2"" Mill & Overlay Local w/ramps","ELM ST",0,1265,30,1265,"SUMMER ST",58.07,41.26,349224.61,471,"2012/07/02"
"556","556",10,"47","RT - Residential Local","RM","BELKNAP ST","(RM) Crack Seal","BROADWAY (E)",0,503,26.5,503,"HAMILTON RD",43.88,87.4,2236.4,47,"2014/11/18"
"557","557",2,"469","RT - Residential Local","SI","POPLAR ST","(SI) 2"" Mill & Overlay Local w/ramps","JOY ST",0,591,42.5,591,"McGRATH HWY",61.22,31.04,231136.54,469,"2012/09/19"
"558","558",9,"573","RT - Residential Local","SI","UPLAND RD","(SI) 2"" Mill & Overlay Local w/ramps","CURTIS ST",0,693,26.5,693,"HILLSDALE RD",58.07,41.26,168994.21,573,"2014/11/04"
"559","559",9,"581","RT - Residential Local","DN","VIRGINIA ST","Do Nothing","ALDRICH ST",0,439,26,439,"JASPER ST",40.18,99.4,0,581,"2012/09/19"
"560","560",4,"624","CO - Collector","DN","WILLOW AVE","Do Nothing","CAMBRIDGE TOWNLINE",0,1125,33,1125,"HIGHLAND ST",53.08,94.98,0,624,"2014/10/24"
"561","561",10,"628","RT - Residential Local","SI","WINDOM ST","(SI) 2"" Mill & Overlay Local w/ramps","ELM ST",0,353,26.5,353,"SUMMER ST",59.45,36.8,86082.28,628,"2014/11/25"
"562","562",6,"653","RE - Residential Dead End","BR","RUFO RD","(BR) Recon/Reclaim Local w/ramps","CAMBRIDGE TOWNLINE",0,881,40,881,"McGRATH HWY",56.26,4.65,590270.67,653,"2012/11/05"
"563","563",6,"657.1","AR - Arterial","DN","BROADWAY (W)","Do Nothing","CROSS ST EAST",2161,3007,40,846,"McGRATH HWY",56.99,99.79,0,657,"2012/10/19"
"565","565",10,"989","RT - Residential Local","PM","MALVERN AVE","(PM) Pavement Patching","CAMERON AVE",0,462,26.5,462,"YORKTOWN ST",51.72,61.92,27138.58,989,"2014/11/25"
"566","566",3,"424","RE - Residential Dead End","PM","NEWBERNE ST","(PM) Pavement Patching","APPLETON ST",0,215,26,215,"MORRISON AVE",39.27,59.88,12391.14,424,"2014/11/18"
"567","567",3,"7","RT - Residential Local","SI","ADRIAN ST","(SI) 2"" Mill & Overlay Local w/ramps","JOSEPH ST",0,620,27,620,"MARION ST",57.8,42.16,154045.2,7,"2012/09/14"
"568","568",3,"77","RT - Residential Local","PM","BROOK ST","(PM) Pavement Patching","GLEN ST",0,547,26,547,"CROSS ST",49.96,67.64,31525.39,77,"2012/10/03"
