FID,Shape *,ID,Functional,Treatmentb,PavementCl,STREETNAME,PlanActivi,From1,BeginningS,EndingStat,PavementWi,Length,To1,NPR,OCI,ExtendedCo,Route_ID
0,Polyline M,383,RT - Residential Local,DN,BC - Bituminous Concrete,MELVIN ST,Do Nothing,BROADWAY (E),0,544,26.5,544,BONAIR ST (W),70.13,97.93,0,383
1,Polyline M,415.11,AR - Arterial,SI,BC - Bituminous Concrete,MYSTIC AVE,"(SI) 3"" Mill & Overlay Art/Col w/ramps",800' W OF NORTH UNION ST,1348,2264,52,916,MIDDLESEX AVE,62.95,39.59,484099.49,415
2,Polyline M,382,RT - Residential Local,RM,BC - Bituminous Concrete,MELVILLE RD,(RM) Crack Seal,TEN HILLS RD,0,324,27,324,SHORE DRIVE,66.84,87.24,1759.32,382
3,Polyline M,381.5,CO - Collector,DN,BC - Bituminous Concrete,MEDFORD ST,Do Nothing,115' N OF GLENWOOD RD,9081,10243,38.5,1162,MEDFORD TOWNLINE,83.82,99.92,0,381
4,Polyline M,381.42,CO - Collector,SI,BC - Bituminous Concrete,MEDFORD ST,"(SI) 3"" Mill & Overlay Art/Col w/ramps",CENTRAL ST,8115,9081,38,966,115' N OF GLENWOOD RD,64.99,41.22,373075.94,381
5,Polyline M,381.41,CO - Collector,SI,BC - Bituminous Concrete,MEDFORD ST,"(SI) 3"" Mill & Overlay Art/Col w/ramps",LEE ST,7384,8115,38,728,CENTRAL ST,64.99,41.22,281158.66,381
6,Polyline M,381.4,CO - Collector,SI,BC - Bituminous Concrete,MEDFORD ST,"(SI) 3"" Mill & Overlay Art/Col w/ramps",SCHOOL ST,6583,7384,38,804,LEE ST,64.99,41.22,310510.46,381
7,Polyline M,420,RE - Residential Dead End,PM,BC - Bituminous Concrete,NASHUA ST,(PM) Pavement Patching,RICHARDSON ST,0,640,23,640,DEAD END,45.14,59.22,30388.7,420
8,Polyline M,381.3,CO - Collector,RM,BC - Bituminous Concrete,MEDFORD ST,(RM) Crack Seal,HIGHLAND AVE,4509,6583,33,2074,SCHOOL ST,79.01,84.28,13764.45,381
9,Polyline M,381.2,CO - Collector,RM,BC - Bituminous Concrete,MEDFORD ST,(RM) Crack Seal,SOMERVILLE AVE,1626,4509,28,2883,HIGHLAND AVE,78.28,81.92,16234.49,381
10,Polyline M,381.1,CO - Collector,PM,BC - Bituminous Concrete,MEDFORD ST,(PM) Pavement Patching,SOUTH ST,535,1626,33,1091,SOMERVILLE AVE,69.23,52.49,74326.13,381
11,Polyline M,381,CO - Collector,SI,BC - Bituminous Concrete,MEDFORD ST,"(SI) 3"" Mill & Overlay Art/Col w/ramps",CAMBRIDGE TOWNLINE,0,535,35,535,SOUTH ST,67.57,47.1,190308.82,381
12,Polyline M,415.2,AR - Arterial,RM,BC - Bituminous Concrete,MYSTIC AVE,(RM) Crack Seal,MIDDLESEX AVE,2264,4307,28,2043,GRANT ST,79.04,71.88,11504.36,415
13,Polyline M,417,RT - Residential Local,RM,BC - Bituminous Concrete,MACARTHUR ST,(RM) Crack Seal,BROADWAY (E),0,489,26.5,489,BONAIR ST (E),61.44,69.68,2606.09,417
14,Polyline M,380.1,RT - Residential Local,RM,BC - Bituminous Concrete,MEAD ST,(RM) Crack Seal,95' BEYOND CAMERON AVE,95,446,26,351,MOORE ST,63.36,75.92,1835.34,380
15,Polyline M,38,RT - Residential Local,PM,BC - Bituminous Concrete,BAY STATE AVE,(PM) Pavement Patching,BROADWAY (E),0,1291,26.5,1291,FOSKET ST,54.67,47.68,70627.78,38
16,Polyline M,415.1,AR - Arterial,SI,BC - Bituminous Concrete,MYSTIC AVE,"(SI) 3"" Mill & Overlay Art/Col w/ramps",NORTH UNION ST,548,1348,52,800,800' W OF NORTH UNION ST,69.1,39.59,422794.46,415
17,Polyline M,379,RT - Residential Local,DN,BC - Bituminous Concrete,MEACHAM ST,Do Nothing,DEAD END,0,1053,26.5,1053,MEDFORD TOWNLINE,68.11,91.36,0,379
18,Polyline M,414.1,RT - Residential Local,PM,BC - Bituminous Concrete,MYRTLE ST,(PM) Pavement Patching,PEARL ST,984,1472,25,488,PERKINS ST,57.67,57.44,25186.3,414
19,Polyline M,378,RT - Residential Local,SI,BC - Bituminous Concrete,MEACHAM RD,"(SI) 2"" Mill & Overlay Local w/ramps",CAMBRIDGE TOWNLINE,0,1076,26.5,1076,DOVER ST,51.65,37.85,244301.44,378
20,Polyline M,376,RT - Residential Local,SI,BC - Bituminous Concrete,MASON ST,"(SI) 2"" Mill & Overlay Local w/ramps",BROADWAY (E),0,755,26.5,755,POWDER HOUSE BLVD,51.46,37.25,171420.16,376
21,Polyline M,415,AR - Arterial,DN,BC - Bituminous Concrete,MYSTIC AVE,Do Nothing,BOSTON TOWNLINE,0,548,37.5,548,NORTH UNION ST,87.64,99.84,0,415
22,Polyline M,414,RT - Residential Local,PM,BC - Bituminous Concrete,MYRTLE ST,(PM) Pavement Patching,WASHINGTON ST,0,984,25.5,984,PEARL ST,60.89,67.88,51801.04,414
23,Polyline M,375,RT - Residential Local,DN,BC - Bituminous Concrete,MARSHALL ST,Do Nothing,BROADWAY (E),0,1697,24,1697,PEARL ST,68.55,92.78,0,375
24,Polyline M,374,RT - Residential Local,RM,BC - Bituminous Concrete,MARION ST,(RM) Crack Seal,NEWTON ST,0,1201,26.5,1201,DIMICK ST,63.38,76,6400.67,374
25,Polyline M,371,RE - Residential Dead End,RM,BC - Bituminous Concrete,MAPLE AVE,(RM) Crack Seal,DEAD END,0,343,26.5,343,SCHOOL ST,48.6,70.45,1827.99,371
26,Polyline M,370,RT - Residential Local,DN,BC - Bituminous Concrete,MANSFIELD ST,Do Nothing,SOMERVILLE AVE,0,837,26.5,837,WASHINGTON ST,68.62,93.02,0,370
27,Polyline M,405,RT - Residential Local,PM,BC - Bituminous Concrete,MOUNTAIN AVE,(PM) Pavement Patching,PORTER ST,0,360,14.5,360,DEAD END,58.81,61.12,10776.4,405
28,Polyline M,37,RT - Residential Local,PM,BC - Bituminous Concrete,BARTON ST,(PM) Pavement Patching,BROADWAY (E),0,432,26.5,432,HAMILTON RD,58.78,61.04,23633.76,37
29,Polyline M,368,RT - Residential Local,PM,BC - Bituminous Concrete,MALLET ST,(PM) Pavement Patching,WILLOW AVE,0,700,26,700,LIBERTY AVE,56.2,52.64,37572.85,368
30,Polyline M,411,RT - Residential Local,BR,BC - Bituminous Concrete,MUSEUM ST,(BR) Recon/Reclaim Local w/ramps,CAMBRIDGE TOWNLINE,0,200,25,200,BEACON ST,43.46,11.25,77983.96,411
31,Polyline M,367,RT - Residential Local,DN,BC - Bituminous Concrete,MAINE AVE,Do Nothing,PENNSYLVANIA AVE,0,204,25,204,MAINE TERR,70.08,97.77,0,367
32,Polyline M,366,CO - Collector,SI,BC - Bituminous Concrete,MAIN ST,"(SI) 3"" Mill & Overlay Art/Col w/ramps",BROADWAY (W),0,1013,35,1013,MEDFORD TOWNLINE,61.71,33.07,360340.58,366
33,Polyline M,365,RE - Residential Dead End,DN,BC - Bituminous Concrete,MAGNUS AVE,Do Nothing,WASHINGTON ST,0,429,1,429,LEWIS ST,57.57,99.59,0,365
34,Polyline M,364,RT - Residential Local,DN,BC - Bituminous Concrete,MADISON ST,Do Nothing,SCHOOL ST,0,935,26,935,SYCAMORE ST,70.09,97.79,0,364
35,Polyline M,362.1,CO - Collector,SI,BC - Bituminous Concrete,LOWELL ST,"(SI) 3"" Mill & Overlay Art/Col w/ramps",HUDSON ST,2355,4848,26.5,2493,MEDFORD ST,62.28,34.92,671435.54,362
36,Polyline M,393,RT - Residential Local,RM,BC - Bituminous Concrete,MONMOUTH ST,(RM) Crack Seal,CENTRAL ST,0,274,26.5,274,225' E OF HARVARD ST,65.6,83.2,1460.27,393
37,Polyline M,362,CO - Collector,SI,BC - Bituminous Concrete,LOWELL ST,"(SI) 3"" Mill & Overlay Art/Col w/ramps",SOMERVILLE AVE,0,2355,24,2355,HUDSON ST,60.17,28.06,574431.6,362
38,Polyline M,360,RT - Residential Local,SI,BC - Bituminous Concrete,LOWDEN AVE,"(SI) 2"" Mill & Overlay Local w/ramps",BROADWAY (E),0,1301,26.5,1301,FOSKET ST,53.14,42.7,295386.82,360
39,Polyline M,36,RT - Residential Local,RM,BC - Bituminous Concrete,BARTLETT ST,(RM) Crack Seal,VERNON ST,0,1674,26,1674,BROADWAY (E),62.43,72.9,8753.16,36
40,Polyline M,359,RT - Residential Local,RM,BC - Bituminous Concrete,LOVELL ST,(RM) Crack Seal,BROADWAY (E),0,436,26,436,ELECTRIC AVE,61.31,69.26,2279.8,359
41,Polyline M,357,RT - Residential Local,PM,BC - Bituminous Concrete,LORING ST,(PM) Pavement Patching,SOMERVILLE AVE,0,470,26,470,OSGOOD ST,58.98,61.68,25227.55,357
42,Polyline M,356,RT - Residential Local,DN,BC - Bituminous Concrete,ALFRED A LOMBARDI WY,Do Nothing,BROADWAY (W),0,421,52,421,MYSTIC AVE,69.61,96.24,0,356
43,Polyline M,397,RT - Residential Local,PM,BC - Bituminous Concrete,MOORE ST,(PM) Pavement Patching,HOLLAND ST,0,748,26.5,748,MEAD ST,58.22,59.2,40921.34,397
44,Polyline M,354,RT - Residential Local,SI,BC - Bituminous Concrete,LINWOOD ST,"(SI) 2"" Mill & Overlay Local w/ramps",FITCHBURG ST,0,1871,40,1871,McGRATH HWY,53.03,42.34,641212.83,354
45,Polyline M,353,RT - Residential Local,SI,BC - Bituminous Concrete,LINE ST,"(SI) 2"" Mill & Overlay Local w/ramps",WASHINGTON ST,0,1632,22.5,1632,CAMBRIDGE TOWNLINE,53.88,45.1,314608.8,353
46,Polyline M,352,RT - Residential Local,DN,BC - Bituminous Concrete,LINDEN ST,Do Nothing,SOMERVILLE AVE,0,635,22,635,CHARLESTOWN ST,68.38,92.24,0,352
47,Polyline M,35,RT - Residential Local,SI,BC - Bituminous Concrete,BANKS ST,"(SI) 2"" Mill & Overlay Local w/ramps",ELM ST,0,688,26,688,SUMMER ST,49.11,29.62,153260.75,35
48,Polyline M,408,CO - Collector,SI,BC - Bituminous Concrete,MOUNT VERNON ST,"(SI) 3"" Mill & Overlay Art/Col w/ramps",BROADWAY (E),0,1089,26,1089,PEARL ST,60.21,28.18,287764.62,408
49,Polyline M,409,RT - Residential Local,SI,BC - Bituminous Concrete,MUNROE ST,"(SI) 2"" Mill & Overlay Local w/ramps",BOSTON ST,0,1634,30,1634,WALNUT ST,54.02,45.58,419992.72,409
50,Polyline M,349,RT - Residential Local,SI,BC - Bituminous Concrete,LINDEN AVE,"(SI) 2"" Mill & Overlay Local w/ramps",ELM ST,0,1427,30,1427,MOUNTAIN AVE,53.43,43.66,366786.82,349
51,Polyline M,348,RT - Residential Local,RM,BC - Bituminous Concrete,LINCOLN ST,(RM) Crack Seal,BROADWAY (E),0,595,26,595,PERKINS ST,66.13,84.92,3111.19,348
52,Polyline M,346,RE - Residential Dead End,DN,BC - Bituminous Concrete,LINCOLN PKWY,Do Nothing,JOSEPH ST,0,428,26.5,428,CUL-DE-SAC,57.69,99.98,0,346
53,Polyline M,345,RT - Residential Local,PM,BC - Bituminous Concrete,LINCOLN AVE,(PM) Pavement Patching,MT VERNON ST,0,519,19.5,519,LINCOLN ST,56.69,54.24,20893.21,345
54,Polyline M,343,RT - Residential Local,PM,BC - Bituminous Concrete,LIBERTY AVE,(PM) Pavement Patching,BROADWAY (E),0,1513,26.5,1513,APPLETON ST,56.47,53.52,82772.79,343
55,Polyline M,342,RT - Residential Local,DN,BC - Bituminous Concrete,LEXINGTON AVE,Do Nothing,CEDAR ST,0,1397,30,1397,WILLOW AVE,70.74,99.9,0,342
56,Polyline M,341,RE - Residential Dead End,SI,BC - Bituminous Concrete,LEWIS ST,"(SI) 2"" Mill & Overlay Local w/ramps",MAGNUS AVE,0,430,26.5,430,DEAD END,33.75,22.2,97629.74,341
57,Polyline M,339,RT - Residential Local,PM,BC - Bituminous Concrete,LESLEY AVE,(PM) Pavement Patching,HIGHLAND AVE,0,389,26.5,389,LEXINGTON AVE,60.42,66.38,21281.35,339
58,Polyline M,338,RT - Residential Local,RM,BC - Bituminous Concrete,LEONARD ST,(RM) Crack Seal,BROADWAY (E),0,525,26,525,POWDER HOUSE BLVD,67,87.76,2745.17,338
59,Polyline M,337,RT - Residential Local,SI,BC - Bituminous Concrete,LEON ST,"(SI) 2"" Mill & Overlay Local w/ramps",CONCORD AVE,0,190,26.5,190,DICKINSON ST,51.2,36.4,43138.42,337
60,Polyline M,336,RT - Residential Local,SI,BC - Bituminous Concrete,LELAND ST,"(SI) 2"" Mill & Overlay Local w/ramps",WASHINGTON ST,0,382,26.5,382,DANE AVE,54.01,45.52,86731.79,336
61,Polyline M,335,RT - Residential Local,RM,BC - Bituminous Concrete,LEE ST,(RM) Crack Seal,RICHDALE AVE,0,438,26,438,MEDFORD ST,61.81,70.87,2290.25,335
62,Polyline M,334,RE - Residential Dead End,BR,BC - Bituminous Concrete,LAUREL TERR,(BR) Recon/Reclaim Local w/ramps,LAUREL ST,0,250,16,250,DEAD END,32.47,18.02,62386.04,334
63,Polyline M,333,RT - Residential Local,PM,BC - Bituminous Concrete,LAUREL ST,(PM) Pavement Patching,SOMERVILLE AVE,0,1040,26.5,1040,SUMMER ST,56.49,53.6,56896.05,333
64,Polyline M,330,RT - Residential Local,BR,BC - Bituminous Concrete,LANGMAID AVE,(BR) Recon/Reclaim Local w/ramps,BROADWAY (W),0,398,20,398,HEATH ST,46.1,19.81,124148.84,330
65,Polyline M,41.2,AR - Arterial,RM,BC - Bituminous Concrete,BEACON ST,(RM) Crack Seal,135' S OF KENT ST,3547,4862,44,1315,75' N OF MILLER ST,79.93,74.76,11636.29,41
66,Polyline M,33,RT - Residential Local,PM,BC - Bituminous Concrete,BAILEY RD,(PM) Pavement Patching,TEN HILLS RD,0,1739,26,1739,SHORE DR,57.85,58,93341.83,33
67,Polyline M,329,RE - Residential Dead End,RM,BC - Bituminous Concrete,LANDERS ST,(RM) Crack Seal,SCHOOL ST,0,244,27,244,DEAD END,47.95,68.35,1324.92,329
68,Polyline M,328,RT - Residential Local,SI,BC - Bituminous Concrete,LAKE ST,"(SI) 2"" Mill & Overlay Local w/ramps",HAWKINS ST,0,842,26.5,842,CHURCH ST,48,26,191172.65,328
69,Polyline M,327,RE - Residential Dead End,RM,BC - Bituminous Concrete,KNOWLTON ST,(RM) Crack Seal,TUFTS ST,0,461,26.5,461,NORTHEASTERLY,52.91,84.45,2456.88,327
70,Polyline M,326,RT - Residential Local,PM,BC - Bituminous Concrete,KNAPP ST,(PM) Pavement Patching,SCHOOL ST,0,420,27,420,GRANITE ST,58.58,60.4,23410.8,326
71,Polyline M,325,RT - Residential Local,DN,BC - Bituminous Concrete,KINGSTON ST,Do Nothing,MEACHAM RD,0,668,26.5,668,CAMBRIDGE TOWNLINE,67.5,89.36,0,325
72,Polyline M,321.1,CO - Collector,RM,BC - Bituminous Concrete,KIDDER AVE,(RM) Crack Seal,WILLOW AVE,1422,2608,26,1186,BOSTON AVE (S),77.61,84.72,6201.46,321
73,Polyline M,321,CO - Collector,SI,BC - Bituminous Concrete,KIDDER AVE,"(SI) 3"" Mill & Overlay Art/Col w/ramps",COLLEGE AVE,0,1422,26,1422,WILLOW AVE,63.03,37.36,375758.76,321
74,Polyline M,320,RT - Residential Local,PM,BC - Bituminous Concrete,KENWOOD ST,(PM) Pavement Patching,BILLINGHAM ST,0,375,26.5,375,COLLEGE AVE,56.2,52.64,20515.48,320
75,Polyline M,32,RT - Residential Local,PM,BC - Bituminous Concrete,AVON ST,(PM) Pavement Patching,SCHOOL ST,0,1404,26.5,1404,CENTRAL ST,59.72,64.1,76809.72,32
76,Polyline M,318,RT - Residential Local,RM,BC - Bituminous Concrete,KENSINGTON AVE,(RM) Crack Seal,BROADWAY (W),0,524,26,524,BLAKELEY AVE,62.9,74.44,2739.94,318
77,Polyline M,316,RT - Residential Local,DN,BC - Bituminous Concrete,JOY ST,Do Nothing,WASHINGTON ST,0,1204,42.5,1204,POPLAR ST,69.01,94.28,0,316
78,Polyline M,315.1,RT - Residential Local,DN,BC - Bituminous Concrete,JOSEPHINE AVE,Do Nothing,KIDDER AVE,793,1781,30,988,BROADWAY (E),69.74,96.64,0,315
79,Polyline M,315,RT - Residential Local,BR,BC - Bituminous Concrete,JOSEPHINE AVE,(BR) Recon/Reclaim Local w/ramps,MORRISON AVE,0,793,29.5,793,KIDDER AVE,45.9,19.19,364860.93,315
80,Polyline M,314,RT - Residential Local,PM,BC - Bituminous Concrete,JOSEPH ST,(PM) Pavement Patching,NEWTON ST,0,505,26.5,505,LINCOLN PKWY,60.37,66.2,27627.35,314
81,Polyline M,311,RT - Residential Local,DN,BC - Bituminous Concrete,JASPER ST,Do Nothing,PEARL ST,0,329,26.5,329,GILMAN ST,70.75,99.95,0,311
82,Polyline M,309.1,RT - Residential Local,PM,BC - Bituminous Concrete,JAQUES ST,(PM) Pavement Patching,TEMPLE ST,1258,2724,30,1466,EDGAR AVE,54.74,47.92,90794.33,309
83,Polyline M,41.15,AR - Arterial,SI,BC - Bituminous Concrete,BEACON ST,"(SI) 3"" Mill & Overlay Art/Col w/ramps",PROPERZI WAY (S),2551,3547,42.5,996,135' S OF KENT ST,64.9,25.92,430213.6,41
84,Polyline M,309,RT - Residential Local,RM,BC - Bituminous Concrete,JAQUES ST,(RM) Crack Seal,FELLSWAY WEST,0,1258,26.5,1258,TEMPLE ST,62.04,71.64,6704.44,309
85,Polyline M,308,RT - Residential Local,RM,BC - Bituminous Concrete,JAMES ST,(RM) Crack Seal,PEARL ST,0,365,26.5,365,RADCLIFFE RD,62.97,74.65,1945.24,308
86,Polyline M,307,RE - Residential Dead End,PM,BC - Bituminous Concrete,JACKSON RD,(PM) Pavement Patching,WALNUT ST,0,571,26.5,571,DEAD END,43.46,53.76,31238.18,307
87,Polyline M,306,RT - Residential Local,DN,BC - Bituminous Concrete,IVALOO ST,Do Nothing,PARK ST,0,748,26.5,748,BEACON ST,70.76,99.96,0,306
88,Polyline M,305,RT - Residential Local,PM,BC - Bituminous Concrete,IRVINGTON RD,(PM) Pavement Patching,MYSTIC VALLEY PKWY,0,717,26.5,717,BOSTON AVE (N),56.1,52.32,39225.54,305
89,Polyline M,304,RT - Residential Local,DN,BC - Bituminous Concrete,IRVING ST,Do Nothing,HOLLAND ST,0,1246,26.5,1246,BROADWAY (E),70.74,99.9,0,304
90,Polyline M,300,RT - Residential Local,PM,BC - Bituminous Concrete,INDIANA AVE,(PM) Pavement Patching,BROADWAY (W),0,436,24.5,436,PENNSYLVANIA AVE,54.87,48.32,22052.42,300
91,Polyline M,30,RT - Residential Local,DN,BC - Bituminous Concrete,AUTUMN ST,Do Nothing,BROADWAY (E),0,169,14,169,LOUISBURG PL,70.75,99.94,0,30
92,Polyline M,299,RT - Residential Local,RM,BC - Bituminous Concrete,ILLINOIS AVE,(RM) Crack Seal,BROADWAY (W),0,479,24.5,479,PENNSYLVANIA AVE,61.89,71.15,2360.13,299
93,Polyline M,298,RT - Residential Local,PM,BC - Bituminous Concrete,IBBETSON ST,(PM) Pavement Patching,SOMERVILLE AVE,0,856,26.5,856,LOWELL ST,56.98,55.2,46829.78,298
94,Polyline M,297,RT - Residential Local,RM,BC - Bituminous Concrete,HUNTING ST,(RM) Crack Seal,CAMBRIDGE TOWNLINE,0,147,20,147,SOUTH ST,62.67,73.67,591.27,297
95,Polyline M,296,RT - Residential Local,SI,BC - Bituminous Concrete,HUDSON ST,"(SI) 2"" Mill & Overlay Local w/ramps",CENTRAL ST,0,2795,26.5,2795,CEDAR ST,52.02,39.05,634593.71,296
96,Polyline M,295,RT - Residential Local,RM,BC - Bituminous Concrete,HOWE ST,(RM) Crack Seal,MARSHALL ST,0,492,26,492,SCHOOL ST,65.03,81.35,2572.61,295
97,Polyline M,294,RT - Residential Local,RM,BC - Bituminous Concrete,HOWARD ST,(RM) Crack Seal,THORNDIKE ST,0,442,26.5,442,GORHAM ST,63.2,75.4,2355.61,294
98,Polyline M,293,RT - Residential Local,DN,BC - Bituminous Concrete,HOUGHTON ST,Do Nothing,CAMBRIDGE TOWNLINE,0,699,27.5,699,SPRINGFIELD ST,67.86,90.56,0,293
99,Polyline M,292,RE - Residential Dead End,PM,BC - Bituminous Concrete,HORACE ST,(PM) Pavement Patching,SOUTH ST,0,520,20,520,DEAD END,44.92,58.5,21470.3,292
100,Polyline M,291,RT - Residential Local,RM,BC - Bituminous Concrete,HOOKER AVE,(RM) Crack Seal,VICTORIA ST,0,730,26,730,DEAD END,66.63,86.56,3817.09,291
101,Polyline M,290,RE - Residential Dead End,RM,BC - Bituminous Concrete,HOMER SQ,(RM) Crack Seal,BONNER AVE,0,220,18,220,CUL-DE-SAC,50.41,76.32,796.4,290
102,Polyline M,29,RT - Residential Local,DN,BC - Bituminous Concrete,AUSTIN ST,Do Nothing,BROADWAY (W),0,528,26.5,528,MAINE TERR,70.08,97.77,0,29
103,Polyline M,289,RT - Residential Local,PM,BC - Bituminous Concrete,HOLYOKE RD,(PM) Pavement Patching,ELM ST (E),0,696,26.5,696,ELM ST (W),56.42,53.36,38076.55,289
104,Polyline M,287,CO - Collector,PM,BC - Bituminous Concrete,HOLLAND ST,(PM) Pavement Patching,DOVER ST,0,2767,38,2767,BROADWAY (E),70.97,58.16,217068.1,287
105,Polyline M,285,RT - Residential Local,DN,BC - Bituminous Concrete,HINCKLEY ST,Do Nothing,BROADWAY (E),0,1117,20,1117,DEAD END,67.4,89.04,0,285
106,Polyline M,284,RT - Residential Local,DN,BC - Bituminous Concrete,HILLSDALE RD,Do Nothing,MEDFORD TOWNLINE,0,933,26.5,933,CONWELL AVE,69.75,96.68,0,284
107,Polyline M,283,RE - Residential Dead End,RM,BC - Bituminous Concrete,HILLSIDE PK,(RM) Crack Seal,WALNUT ST,0,214,26.5,214,DEAD END,48.58,70.4,1140.5,283
108,Polyline M,280,RT - Residential Local,PM,BC - Bituminous Concrete,HILL ST,(PM) Pavement Patching,BROADWAY (E),0,338,26.5,338,FAIRMOUNT AVE,56.86,54.8,18491.19,280
109,Polyline M,28,RE - Residential Dead End,DN,BC - Bituminous Concrete,AUBURN AVE,Do Nothing,CROSS ST,0,497,19,497,DEAD END,57.69,99.98,0,28
110,Polyline M,279,RT - Residential Local,BR,BC - Bituminous Concrete,HIGHSCHOOL ENTRANCE,(BR) Recon/Reclaim Local w/ramps,HIGHLAND AVE (E),0,722,22,722,HIGHLAND AVE (W),46.02,19.56,247737.61,279
111,Polyline M,278,RE - Residential Dead End,PM,BC - Bituminous Concrete,HIGHLAND RD,(PM) Pavement Patching,DEAD END,0,1695,30.5,1695,BOSTON AVE (S),43.01,47.28,106726.68,278
112,Polyline M,277.1,CO - Collector,SI,BC - Bituminous Concrete,HIGHLAND AVE,"(SI) 3"" Mill & Overlay Art/Col w/ramps",ELLINGTON RD,8371,9346,40,975,COLLEGE AVE,64.84,40.73,396369.7,277
113,Polyline M,277.04,CO - Collector,PM,BC - Bituminous Concrete,HIGHLAND AVE,(PM) Pavement Patching,CHERRY ST,6693,8371,39.5,1678,ELLINGTON RD,71.93,63.76,136833.52,277
114,Polyline M,277.03,CO - Collector,PM,BC - Bituminous Concrete,HIGHLAND AVE,(PM) Pavement Patching,LOWELL ST,4791,6693,39.5,1902,CHERRY ST,72.25,64.81,155099.71,277
115,Polyline M,277.02,CO - Collector,PM,BC - Bituminous Concrete,HIGHLAND AVE,(PM) Pavement Patching,CENTRAL ST,3404,4791,39.5,1387,LOWELL ST,69.64,56.34,113103.71,277
116,Polyline M,277.01,CO - Collector,PM,BC - Bituminous Concrete,HIGHLAND AVE,(PM) Pavement Patching,SCHOOL ST,2005,3404,39.5,1399,CENTRAL ST,70.27,58.37,114082.31,277
117,Polyline M,277,CO - Collector,PM,BC - Bituminous Concrete,HIGHLAND AVE,(PM) Pavement Patching,MEDFORD ST,0,2005,39.5,2005,SCHOOL ST,69.47,55.78,163498.8,277
118,Polyline M,276,RT - Residential Local,RM,BC - Bituminous Concrete,HIGH ST,(RM) Crack Seal,NORTH ST,0,740,26.5,740,ALEWIFE BROOK PKWY,63.68,76.96,3943.79,276
119,Polyline M,274,RT - Residential Local,DN,BC - Bituminous Concrete,HERBERT ST,Do Nothing,CHESTER ST,0,378,26.5,378,DAY ST,70.06,97.71,0,274
120,Polyline M,272,RE - Residential Dead End,RM,BC - Bituminous Concrete,HENDERSON ST,(RM) Crack Seal,RICHARDSON ST,0,583,14.5,583,DEAD END,51.97,81.39,1700.1,272
121,Polyline M,271,RT - Residential Local,RM,BC - Bituminous Concrete,HEATH ST,(RM) Crack Seal,TEMPLE ST,0,1889,30,1889,MORELAND ST,62.65,73.6,11396.97,271
122,Polyline M,27,RT - Residential Local,PM,BC - Bituminous Concrete,ATHERTON ST,(PM) Pavement Patching,CENTRAL ST,0,805,26,805,SPRING ST,60.87,67.82,43208.9,27
123,Polyline M,269,RT - Residential Local,RM,BC - Bituminous Concrete,HAWTHORNE ST,(RM) Crack Seal,WILLOW AVE,0,854,20,854,CUTTER AVE,63.48,76.32,3434.98,269
124,Polyline M,268,RT - Residential Local,PM,BC - Bituminous Concrete,HAWKINS ST,(PM) Pavement Patching,SOMERVILLE AVE,0,397,26.5,397,WASHINGTON ST,55.11,49.12,21718.91,268
125,Polyline M,267,RT - Residential Local,DN,BC - Bituminous Concrete,HATHORN ST,Do Nothing,BROADWAY (E),0,385,26.5,385,ARLINGTON ST,70.75,99.95,0,267
126,Polyline M,266,RT - Residential Local,SI,BC - Bituminous Concrete,HARVARD ST,"(SI) 2"" Mill & Overlay Local w/ramps",ATHERTON ST,0,760,26,760,SUMMER ST,53.73,44.62,169299.63,266
127,Polyline M,264,RT - Residential Local,SI,BC - Bituminous Concrete,HARRISON ST,"(SI) 2"" Mill & Overlay Local w/ramps",IVALOO ST,0,690,26.5,690,KENT ST,52.22,39.7,156662.07,264
128,Polyline M,262,RE - Residential Dead End,BR,BC - Bituminous Concrete,HAROLD ST,(BR) Recon/Reclaim Local w/ramps,DEAD END,0,518,26.5,518,MARION ST,30.27,10.89,214095.13,262
129,Polyline M,260,RT - Residential Local,RM,BC - Bituminous Concrete,HARDING ST,(RM) Crack Seal,WARD ST,0,457,20.5,457,CAMBRIDGE TOWNLINE,63.42,76.12,1884.1,260
130,Polyline M,26,RT - Residential Local,DN,BC - Bituminous Concrete,ASSEMBLY SQ DR,Do Nothing,FELLSWAY WEST,0,4536,62,4536,MYSTIC AVE,70.12,97.89,0,26
131,Polyline M,259,RT - Residential Local,PM,BC - Bituminous Concrete,HARDAN RD,(PM) Pavement Patching,POWDER HOUSE BLVD,0,183,26,183,SOUTHERLY,57.58,57.12,9822.69,259
132,Polyline M,258,RT - Residential Local,RM,BC - Bituminous Concrete,HANSON ST,(RM) Crack Seal,PROPERZI WAY,0,851,23,851,WASHINGTON ST,62.8,74.09,3936.35,258
133,Polyline M,256.1,RT - Residential Local,DN,BC - Bituminous Concrete,HANCOCK ST,Do Nothing,HIGHLAND AVE,1408,1842,33,434,LEXINGTON AVE,70.07,97.72,0,256
134,Polyline M,256,RT - Residential Local,DN,BC - Bituminous Concrete,HANCOCK ST,Do Nothing,ELM ST,0,1408,26.5,1408,HIGHLAND AVE,70.28,98.4,0,256
135,Polyline M,255,RT - Residential Local,SI,BC - Bituminous Concrete,HAMMOND ST,"(SI) 2"" Mill & Overlay Local w/ramps",CONCORD AVE,0,315,26.5,315,DICKENSON ST,47.42,24.12,71519.53,255
136,Polyline M,254,RT - Residential Local,DN,BC - Bituminous Concrete,HAMLET ST,Do Nothing,HIGHLAND AVE,0,663,20,663,BOSTON ST,69.26,95.1,0,254
137,Polyline M,253,RT - Residential Local,DN,BC - Bituminous Concrete,HAMILTON RD,Do Nothing,NORTH ST,0,601,26,601,RUSSELL RD,69.09,94.55,0,253
138,Polyline M,252,RT - Residential Local,BR,BC - Bituminous Concrete,HALL ST,(BR) Recon/Reclaim Local w/ramps,CEDAR ST,0,499,20,499,CHERRY ST,46.15,19.99,155654.89,252
139,Polyline M,251,RT - Residential Local,RM,BC - Bituminous Concrete,HALL AVE,(RM) Crack Seal,COLLEGE AVE,0,981,26.5,981,LIBERTY AVE,66.73,86.88,5228.19,251
140,Polyline M,25,RT - Residential Local,PM,BC - Bituminous Concrete,ASHLAND ST,(PM) Pavement Patching,SUMMER ST,0,521,20,521,SARTWELL AVE,58.9,61.44,21511.55,25
141,Polyline M,248,RT - Residential Local,PM,BC - Bituminous Concrete,GROVE ST,(PM) Pavement Patching,ELM ST,0,1054,26.5,1054,MORRISON AVE,54.89,48.4,57661.92,248
142,Polyline M,246,RT - Residential Local,DN,BC - Bituminous Concrete,GREENVILLE ST,Do Nothing,MEDFORD ST,0,747,26.5,747,MUNROE ST,68.32,92.03,0,246
143,Polyline M,244,RT - Residential Local,PM,BC - Bituminous Concrete,GREENE ST,(PM) Pavement Patching,LAUREL ST,0,536,26.5,536,SUMMER ST,57.94,58.32,29323.33,244
144,Polyline M,243,RT - Residential Local,PM,BC - Bituminous Concrete,GRANT ST,(PM) Pavement Patching,BROADWAY (W),0,1489,26,1489,DEAD END,58.78,61.04,79922.98,243
145,Polyline M,242,RT - Residential Local,PM,BC - Bituminous Concrete,GRANITE ST,(PM) Pavement Patching,SOMERVILLE AVE,0,466,26.5,466,OSGOOD ST,57.9,58.16,25493.8,242
146,Polyline M,241,RT - Residential Local,PM,BC - Bituminous Concrete,GRANDVIEW AVE,(PM) Pavement Patching,WALNUT ST,0,585,26.5,585,VINAL AVE,55.58,50.64,32004.05,241
147,Polyline M,24,RT - Residential Local,DN,BC - Bituminous Concrete,ASH AVE,Do Nothing,MEACHAM ST,0,550,26.5,550,EAST ALBION ST,69.61,96.22,0,24
148,Polyline M,239,RT - Residential Local,RM,BC - Bituminous Concrete,GOVERNOR WINTHROP RD,(RM) Crack Seal,TEN HILLS RD,0,1568,26.5,1568,SHORE DR,66.72,86.84,8356.57,239
149,Polyline M,237,RT - Residential Local,PM,BC - Bituminous Concrete,GORHAM ST,(PM) Pavement Patching,HOLLAND ST,0,817,26.5,817,HOWARD ST,56.34,53.12,44696.23,237
150,Polyline M,236,RT - Residential Local,PM,BC - Bituminous Concrete,GORDON ST,(PM) Pavement Patching,NORTH ST,0,1316,26.5,1316,ALEWIFE BROOK PKWY,59.21,62.42,71995.46,236
151,Polyline M,234,RT - Residential Local,RM,BC - Bituminous Concrete,GLENWOOD RD,(RM) Crack Seal,VERNON ST,0,1631,27,1631,BROADWAY (E),62.41,72.83,8856.33,234
152,Polyline M,233,RT - Residential Local,RM,BC - Bituminous Concrete,GLENDALE AVE,(RM) Crack Seal,CAMERON AVE,0,461,26.5,461,YORKTOWN ST,66.15,85,2456.88,233
153,Polyline M,232,RT - Residential Local,DN,BC - Bituminous Concrete,GLEN ST,Do Nothing,BROADWAY (E),0,2422,26.5,2422,TUFTS ST,69.27,95.12,0,232
154,Polyline M,230,RE - Residential Dead End,RM,BC - Bituminous Concrete,GILMAN TER,(RM) Crack Seal,PEARL ST,0,381,27,381,DEAD END,47.75,67.7,2068.83,230
155,Polyline M,228,RE - Residential Dead End,SI,BC - Bituminous Concrete,GILES PARK,"(SI) 2"" Mill & Overlay Local w/ramps",WALNUT ST,0,181,23,181,DEAD END,33.18,20.34,35668,228
156,Polyline M,227,RE - Residential Dead End,DN,BC - Bituminous Concrete,GIBBENS ST,Do Nothing,CENTRAL ST,0,679,26.5,679,DEAD END,57.68,99.95,0,227
157,Polyline M,226,RT - Residential Local,DN,BC - Bituminous Concrete,GEORGE ST,Do Nothing,BROADWAY (E),0,316,20,316,LINCOLN AVE,70.75,99.95,0,226
158,Polyline M,225,RT - Residential Local,DN,BC - Bituminous Concrete,GARRISON AVE,Do Nothing,BROADWAY (E),0,920,26.5,920,HOOKER AVE,67.34,88.84,0,225
159,Polyline M,224,RT - Residential Local,PM,BC - Bituminous Concrete,GARFIELD AVE,(PM) Pavement Patching,BROADWAY (W),0,500,26.5,500,BLAKELEY AVE,60.11,65.36,27353.85,224
160,Polyline M,222,RT - Residential Local,PM,BC - Bituminous Concrete,FREMONT ST,(PM) Pavement Patching,MAIN ST,0,1144,26.5,1144,DEAD END,59.11,62.12,62585.62,222
161,Polyline M,221,RE - Residential Dead End,DN,BC - Bituminous Concrete,FREMONT AVE,Do Nothing,BOWDOIN ST,0,247,19.5,247,DEAD END,55.86,94.06,0,221
162,Polyline M,220.1,CO - Collector,RM,BC - Bituminous Concrete,FRANKLIN ST,(RM) Crack Seal,PEARL ST,1080,2336,25.5,1256,WASHINGTON ST,77.86,85.54,6441.19,220
163,Polyline M,220,CO - Collector,BR,BC - Bituminous Concrete,FRANKLIN ST,(BR) Recon/Reclaim Collector w/ramps,BROADWAY ST (E),0,1080,26.5,1080,PEARL ST,56.31,15.5,471594,220
164,Polyline M,219,RT - Residential Local,PM,BC - Bituminous Concrete,FRANKLIN AVE,(PM) Pavement Patching,WASHINGTON ST,0,629,14,629,FRANKLIN ST,55.38,50,18179.42,219
165,Polyline M,217,RT - Residential Local,DN,BC - Bituminous Concrete,FRANCIS ST,Do Nothing,PORTER ST,0,215,19,215,CONWELL ST,70.74,99.9,0,217
166,Polyline M,216,RT - Residential Local,DN,BC - Bituminous Concrete,FRANCESCA AVE,Do Nothing,COLLEGE AVE,0,819,26.5,819,LIBERTY AVE,67.25,88.56,0,216
167,Polyline M,215,RT - Residential Local,DN,BC - Bituminous Concrete,FOUNTAIN AVE,Do Nothing,CROSS ST,0,617,20,617,GLEN ST,70.08,97.76,0,215
168,Polyline M,214,RT - Residential Local,PM,BC - Bituminous Concrete,FOSKET ST,(PM) Pavement Patching,WILLOW AVE,0,711,26,711,LIBERTY AVE,57.97,58.4,38163.32,214
169,Polyline M,213,RT - Residential Local,BR,BC - Bituminous Concrete,FORSTER ST,(BR) Recon/Reclaim Local w/ramps,SYCAMORE ST,0,494,18,494,CENTRAL ST,45.59,18.18,138685.56,213
170,Polyline M,212,RT - Residential Local,SI,BC - Bituminous Concrete,FOREST ST,"(SI) 2"" Mill & Overlay Local w/ramps",CAMBRIDGE TOWNLINE,0,148,26.5,148,BEACON ST,48.75,28.45,33603,212
171,Polyline M,210.1,RT - Residential Local,DN,BC - Bituminous Concrete,FLORENCE ST,Do Nothing,PEARL ST,910,1359,24.5,449,PERKINS ST,70.75,99.95,0,210
172,Polyline M,210,RT - Residential Local,PM,BC - Bituminous Concrete,FLORENCE ST,(PM) Pavement Patching,WASHINGTON ST,0,910,26.5,910,PEARL ST,58.39,59.76,49784,210
173,Polyline M,21,RE - Residential Dead End,DN,BC - Bituminous Concrete,ARLINGTON ST,Do Nothing,LINCOLN ST,0,493,25.5,493,DEAD END,57.69,99.98,0,21
174,Polyline M,209,RE - Residential Dead End,DN,BC - Bituminous Concrete,FLINT ST,Do Nothing,FRANKLIN ST,0,1721,25,1721,DEAD END (E),55.09,91.54,0,209
175,Polyline M,208,RE - Residential Dead End,DN,BC - Bituminous Concrete,FLINT AVE,Do Nothing,FLINT ST,0,218,27,218,DEAD END,57.69,99.98,0,208
176,Polyline M,206,RT - Residential Local,RM,BC - Bituminous Concrete,FISK AVE,(RM) Crack Seal,LOWELL ST,0,521,14.5,521,HINCKLEY ST,63.14,75.2,1519.3,206
177,Polyline M,204,RT - Residential Local,SI,BC - Bituminous Concrete,FENWICK ST,"(SI) 2"" Mill & Overlay Local w/ramps",BROADWAY (W),0,697,26,697,JAQUES ST,52.73,41.38,155265.61,204
178,Polyline M,201,RT - Residential Local,DN,BC - Bituminous Concrete,FARRAGUT AVE,Do Nothing,BROADWAY (E),0,925,26.5,925,HOOKER AVE,70.07,97.72,0,201
179,Polyline M,20,RT - Residential Local,RM,BC - Bituminous Concrete,APPLETON ST,(RM) Crack Seal,WILLOW AVE,0,698,25,698,LIBERTY AVE,64.54,79.75,3509.39,20
180,Polyline M,199,RE - Residential Dead End,SI,BC - Bituminous Concrete,FAIRMOUNT AVE,"(SI) 2"" Mill & Overlay Local w/ramps",CURTIS ST,0,697,26.5,697,DEAD END,38.01,36.04,158251.31,199
181,Polyline M,198,RE - Residential Dead End,DN,BC - Bituminous Concrete,FAIRLEE ST,Do Nothing,CHERRY ST,0,167,19.5,167,DEAD END,56.98,97.68,0,198
182,Polyline M,197,RT - Residential Local,DN,BC - Bituminous Concrete,FAIRFAX ST,Do Nothing,NORTH ST,0,1019,26,1019,ALEWIFE BROOK PKWY,67.82,90.4,0,197
183,Polyline M,195,RT - Residential Local,PM,BC - Bituminous Concrete,EVERGREEN AVE,(PM) Pavement Patching,MARSHALL ST,0,1358,26,1358,SYCAMORE ST,58.19,59.12,72891.38,195
184,Polyline M,193,RT - Residential Local,SI,BC - Bituminous Concrete,EVERETT AVE,"(SI) 2"" Mill & Overlay Local w/ramps",CROSS ST,0,793,26.5,793,McGRATH HWY,52.22,39.7,180047.22,193
185,Polyline M,192,RT - Residential Local,DN,BC - Bituminous Concrete,EUSTIS ST,Do Nothing,CAMBRIDGE TOWNLINE,0,178,20.5,178,BEACON ST,67.24,88.52,0,192
186,Polyline M,191,RT - Residential Local,DN,BC - Bituminous Concrete,ESSEX ST,Do Nothing,RICHDALE ST,0,281,25.5,281,MEDFORD ST,70.74,99.91,0,191
187,Polyline M,190,RT - Residential Local,DN,BC - Bituminous Concrete,ENDICOTT AVE,Do Nothing,BROADWAY (E),0,931,26.5,931,HOOKER AVE,70.74,99.9,0,190
188,Polyline M,19,RT - Residential Local,PM,BC - Bituminous Concrete,AMES ST,(PM) Pavement Patching,ROBINSON ST,0,560,26,560,BARTLETT ST,57.99,58.48,30058.35,19
189,Polyline M,188,RT - Residential Local,RM,BC - Bituminous Concrete,ELSTON ST,(RM) Crack Seal,ELM ST,0,454,26.5,454,SUMMER ST,61.96,71.36,2419.57,188
190,Polyline M,186,RT - Residential Local,PM,BC - Bituminous Concrete,ELMWOOD ST,(PM) Pavement Patching,HOLLAND ST,0,1087,26.5,1087,CAMBRIDGE TOWNLINE,59.28,62.66,59467.33,186
191,Polyline M,185.1,CO - Collector,RM,BC - Bituminous Concrete,ELM ST,(RM) Crack Seal,RUSSELL ST,3788,4779,38,991,DAY ST,74.39,74.28,7573.44,185
192,Polyline M,185,CO - Collector,RM,BC - Bituminous Concrete,ELM ST,(RM) Crack Seal,SOMERVILLE AVE,0,3788,40,3788,RUSSELL ST,76.57,81.36,30472.36,185
193,Polyline M,183,RT - Residential Local,PM,BC - Bituminous Concrete,ELLSWORTH ST,(PM) Pavement Patching,RUSH ST,0,272,26,272,CROSS ST,60.7,67.28,14599.79,183
194,Polyline M,181,RT - Residential Local,DN,BC - Bituminous Concrete,ELLIOT ST,Do Nothing,PROPERZI WY,0,329,26,329,PARK ST,68.91,93.95,0,181
195,Polyline M,180,RT - Residential Local,RM,BC - Bituminous Concrete,ELECTRIC AVE,(RM) Crack Seal,MASON ST,0,1413,26.5,1413,CURTIS ST,62.9,74.44,7530.51,180
196,Polyline M,18,RE - Residential Dead End,RM,BC - Bituminous Concrete,ALSTON ST,(RM) Crack Seal,CROSS ST,0,702,26,702,MCGRATH HWY,53.8,82.35,3670.68,18
197,Polyline M,179,RT - Residential Local,SI,BC - Bituminous Concrete,EDMANDS ST,"(SI) 2"" Mill & Overlay Local w/ramps",BROADWAY (E),0,519,16,519,BONAIR ST (W),52.02,39.05,71147.08,179
198,Polyline M,178,RT - Residential Local,RM,BC - Bituminous Concrete,EDGAR TERR,(RM) Crack Seal,EDGAR AVE,0,163,26,163,ASH AVE,60.33,71.08,852.31,178
199,Polyline M,177,RT - Residential Local,RM,BC - Bituminous Concrete,EDGAR CT,(RM) Crack Seal,EDGAR AVE,0,165,26,165,CENTURY ST,62.54,73.25,862.77,177
200,Polyline M,176,RT - Residential Local,RM,BC - Bituminous Concrete,EDGAR AVE,(RM) Crack Seal,MAIN ST,0,905,33,905,MEACHAM ST,65.48,82.8,6006.18,176
201,Polyline M,175,RE - Residential Dead End,DN,BC - Bituminous Concrete,EASTMAN RD,Do Nothing,HIGHLAND AVE,0,320,26.5,320,DEAD END,57.68,99.95,0,175
202,Polyline M,174.1,RT - Residential Local,SI,BC - Bituminous Concrete,EAST ALBION ST,"(SI) 2"" Mill & Overlay Local w/ramps",MORELAND ST,377,660,22,283,FREMONT ST,48.43,27.4,53343.16,174
203,Polyline M,173,RE - Residential Dead End,RM,BC - Bituminous Concrete,EARLE ST,(RM) Crack Seal,SOUTH ST,0,267,26,299,NORTHERLY,50.53,76.72,1563.44,173
204,Polyline M,172,RE - Residential Dead End,RM,BC - Bituminous Concrete,DURHAM ST,(RM) Crack Seal,HANSON ST,0,476,26.5,476,BEACON ST,52.04,81.63,2536.82,172
205,Polyline M,17,RT - Residential Local,DN,BC - Bituminous Concrete,ALPINE ST,Do Nothing,CEDAR ST,0,1406,23,1406,LOWELL ST,67.48,89.32,0,17
206,Polyline M,166,CO - Collector,SI,BC - Bituminous Concrete,DOVER ST,"(SI) 3"" Mill & Overlay Art/Col w/ramps",CAMBRIDGE TOWNLINE,0,1002,26.5,1002,DAVIS SQ,60.62,29.5,269866.69,166
207,Polyline M,165,RE - Residential Dead End,SI,BC - Bituminous Concrete,DOUGLAS AVE,"(SI) 2"" Mill & Overlay Local w/ramps",EDGAR AVE,0,171,19.5,171,DEAD END,34.27,23.87,28569.26,165
208,Polyline M,164,RT - Residential Local,RM,BC - Bituminous Concrete,DIMICK ST,(RM) Crack Seal,CONCORD AVE,0,989,27,989,CALVIN ST,62.73,73.88,5370.27,164
209,Polyline M,163,RT - Residential Local,PM,BC - Bituminous Concrete,DICKSON ST,(PM) Pavement Patching,WESTON AVE,0,329,26.5,329,FAIRMOUNT AVE,57.03,55.36,17998.82,163
210,Polyline M,162,RT - Residential Local,SI,BC - Bituminous Concrete,DICKINSON ST,"(SI) 2"" Mill & Overlay Local w/ramps",SPRINGFIELD ST,0,795,26.5,795,CAMBRIDGE TOWNLINE,54.1,45.82,180501.4,162
211,Polyline M,161,RT - Residential Local,PM,BC - Bituminous Concrete,DERBY ST,(PM) Pavement Patching,WHEATLAND ST,0,1087,26.5,1087,TEMPLE ST,60.81,67.64,59467.33,161
212,Polyline M,160,RT - Residential Local,DN,BC - Bituminous Concrete,DELL ST,Do Nothing,GLEN ST,0,508,26.5,508,TUFTS ST,70.75,99.95,0,160
213,Polyline M,16,RT - Residential Local,DN,BC - Bituminous Concrete,ALLEN ST,Do Nothing,SOMERVILLE AVE,0,667,15,667,CHARLESTOWN ST,67.96,90.88,0,16
214,Polyline M,159,RT - Residential Local,DN,BC - Bituminous Concrete,DELAWARE ST,Do Nothing,PEARL ST,0,402,26,402,McGRATH HWY,70.75,99.95,0,159
215,Polyline M,41.3,AR - Arterial,SI,BC - Bituminous Concrete,BEACON ST,"(SI) 3"" Mill & Overlay Art/Col w/ramps",75' N OF MILLER ST,4862,6117,44.5,1255,SOMERVILLE AVE,67.13,33.16,567596.96,41
216,Polyline M,158,RT - Residential Local,SI,BC - Bituminous Concrete,DEARBORN RD,"(SI) 2"" Mill & Overlay Local w/ramps",MEDFORD TOWNLINE,0,547,33.5,547,COLLEGE AVE,47.98,25.92,157000.59,158
217,Polyline M,157,CO - Collector,SI,BC - Bituminous Concrete,DAY ST,"(SI) 3"" Mill & Overlay Art/Col w/ramps",CAMBRIDGE TOWNLINE,0,960,26.5,960,ELM ST,62.48,35.56,258555.5,157
218,Polyline M,155,RT - Residential Local,PM,BC - Bituminous Concrete,DARTMOUTH ST,(PM) Pavement Patching,MEDFORD ST,0,1515,26.5,1515,BROADWAY (E),54.7,47.76,82882.22,155
219,Polyline M,153.1,CO - Collector,RM,BC - Bituminous Concrete,DANE ST,(RM) Crack Seal,120' S OF VILLAGE ST,700,1408,27,708,WASHINGTON ST,76,79.5,3844.44,153
220,Polyline M,153,CO - Collector,SI,BC - Bituminous Concrete,DANE ST,"(SI) 3"" Mill & Overlay Art/Col w/ramps",SOMERVILLE AVE,0,700,27,700,120' S OF VILLAGE ST,63.3,38.21,192087,153
221,Polyline M,152,RT - Residential Local,SI,BC - Bituminous Concrete,DANE AVE,"(SI) 2"" Mill & Overlay Local w/ramps",DANE ST,0,608,20,608,LELAND ST,50.29,33.44,104184.09,152
222,Polyline M,151,RT - Residential Local,PM,BC - Bituminous Concrete,DANA ST,(PM) Pavement Patching,PEARL ST,0,787,26.5,787,BONAIR ST (W),60.83,67.7,43055.06,151
223,Polyline M,150,RT - Residential Local,DN,BC - Bituminous Concrete,CUTTER ST,Do Nothing,BROADWAY (E),0,775,26,775,WEBSTER ST,70.75,99.95,0,150
224,Polyline M,149,RT - Residential Local,RM,BC - Bituminous Concrete,CUTTER AVE,(RM) Crack Seal,ELM ST,0,659,26,659,HIGHLAND AVE,63.38,76,3445.84,149
225,Polyline M,147,CO - Collector,DN,BC - Bituminous Concrete,CURTIS ST,Do Nothing,BROADWAY (E),0,2364,26.5,2364,MEDFORD TOWNLINE,81.46,97.24,0,147
226,Polyline M,145,RT - Residential Local,PM,BC - Bituminous Concrete,CUMMINGS ST,(PM) Pavement Patching,KENSINGTON AVE,0,618,26,618,MIDDLESEX AVE,57.18,55.84,33171.43,145
227,Polyline M,144,RT - Residential Local,SI,BC - Bituminous Concrete,CROWN ST,"(SI) 2"" Mill & Overlay Local w/ramps",LOWELL ST,0,728,19.5,728,PORTER ST,47.38,23.98,121627.92,144
228,Polyline M,142,RE - Residential Dead End,PM,BC - Bituminous Concrete,CROSS ST EAST,(PM) Pavement Patching,BROADWAY (W),0,703,27,703,DEAD END,41.73,48.12,39185.22,142
229,Polyline M,141,CO - Collector,RM,BC - Bituminous Concrete,CROSS ST,(RM) Crack Seal,BROADWAY (E),0,2631,33.5,2631,McGRATH HWY,73.54,71.49,17725.64,141
230,Polyline M,140,RT - Residential Local,PM,BC - Bituminous Concrete,CROCKER ST,(PM) Pavement Patching,HIGHLAND AVE,0,575,26.5,575,CROWN ST,57.11,55.6,31457.05,140
231,Polyline M,139,RT - Residential Local,BR,BC - Bituminous Concrete,CREST HILL RD,(BR) Recon/Reclaim Local w/ramps,TEN HILLS RD,0,295,27,295,SHORE DR,45.73,18.62,124227.45,139
232,Polyline M,138,RT - Residential Local,PM,BC - Bituminous Concrete,CRESCENT ST,(PM) Pavement Patching,BOSTON TOWNLINE,0,558,17,558,PEARL ST,56.2,52.64,19583.32,138
233,Polyline M,136,RT - Residential Local,DN,BC - Bituminous Concrete,CRAIGIE ST,Do Nothing,ELM ST,0,1324,33.5,1324,SUMMER ST,67.88,90.6,0,136
234,Polyline M,133,RT - Residential Local,SI,BC - Bituminous Concrete,COTTAGE AVE,"(SI) 2"" Mill & Overlay Local w/ramps",RUSSELL ST,0,591,26.5,591,CHESTER ST,52.7,41.26,134184.51,133
235,Polyline M,131,RT - Residential Local,PM,BC - Bituminous Concrete,COONEY ST,(PM) Pavement Patching,BEACON ST,0,294,20,294,CAMBRIDGE TOWNLINE,56.27,52.88,12138.87,131
236,Polyline M,13,RE - Residential Dead End,DN,BC - Bituminous Concrete,ALDRICH ST,Do Nothing,VIRGINIA ST,0,629,26,629,DEAD END,56.93,97.52,0,13
237,Polyline M,129,RE - Residential Dead End,DN,BC - Bituminous Concrete,CONWELL ST,Do Nothing,HIGHLAND AVE,0,392,23,392,DEAD END,57.68,99.95,0,129
238,Polyline M,126,RT - Residential Local,RM,BC - Bituminous Concrete,CONNECTICUT AVE,(RM) Crack Seal,PENNSYLVANIA AVE,0,355,24.5,355,RHODE ISLAND AVE,62.65,73.6,1749.17,126
239,Polyline M,124,RT - Residential Local,PM,BC - Bituminous Concrete,CONCORD SQ,(PM) Pavement Patching,CONCORD AVE,0,148,25.5,148,NEWTON ST,57.85,63.02,7791.15,124
240,Polyline M,123.1,CO - Collector,PM,BC - Bituminous Concrete,CONCORD AVE,(PM) Pavement Patching,SPRINGFIELD ST,1049,2034,23.5,985,BEACON ST,72.59,63.41,47786.65,123
241,Polyline M,123,CO - Collector,PM,BC - Bituminous Concrete,CONCORD AVE,(PM) Pavement Patching,PROSPECT ST,0,1049,26.5,1049,SPRINGFIELD ST,72.91,64.46,57388.42,123
242,Polyline M,122,RT - Residential Local,DN,BC - Bituminous Concrete,COLUMBUS AVE,Do Nothing,WASHINGTON ST,0,1480,26.5,1480,WALNUT ST,70.75,99.95,0,122
243,Polyline M,121,RT - Residential Local,BR,BC - Bituminous Concrete,COLUMBIA ST,(BR) Recon/Reclaim Local w/ramps,CAMBRIDGE TOWNLINE,0,848,27,848,WEBSTER AVE,45.72,18.58,357101.28,121
244,Polyline M,12,RT - Residential Local,SI,BC - Bituminous Concrete,ALDERSEY ST,"(SI) 2"" Mill & Overlay Local w/ramps",WALNUT ST,0,546,26.5,546,VINAL AVE,53.77,44.74,123967.43,12
245,Polyline M,118,RT - Residential Local,DN,BC - Bituminous Concrete,CLYDE ST,Do Nothing,CEDAR ST,0,689,20,689,WARWICK ST,67.27,88.64,0,118
246,Polyline M,116,RT - Residential Local,RM,BC - Bituminous Concrete,CLEVELAND ST,(RM) Crack Seal,CENTRAL ST,0,496,26.5,496,HARVARD ST,61.85,71.01,2643.4,116
247,Polyline M,115,RT - Residential Local,PM,BC - Bituminous Concrete,CLARK ST,(PM) Pavement Patching,NEWTON ST,0,812,23.5,812,JOSEPH ST,60.79,67.58,39393.69,115
248,Polyline M,114,RT - Residential Local,RM,BC - Bituminous Concrete,CLARENDON AVE,(RM) Crack Seal,BROADWAY (E),0,1250,26.5,1250,CAMBRIDGE TOWNLINE,61.63,70.31,6661.81,114
249,Polyline M,113,RT - Residential Local,PM,BC - Bituminous Concrete,CLAREMON ST,(PM) Pavement Patching,HOLLAND ST,0,614,26.5,614,MEAD ST,57.7,57.52,33590.6,113
250,Polyline M,112,RE - Residential Dead End,PM,BC - Bituminous Concrete,CHURCH ST,(PM) Pavement Patching,LAKE ST,0,1057,27,1057,SUMMER ST,40.52,44.2,58917.18,112
251,Polyline M,110,RT - Residential Local,DN,BC - Bituminous Concrete,CHESTNUT ST,Do Nothing,POPLAR ST,0,894,40,894,FITCHBURG ST,69.14,94.7,0,110
252,Polyline M,11,RE - Residential Dead End,BR,BC - Bituminous Concrete,ALBION TERR,(BR) Recon/Reclaim Local w/ramps,ALBION ST,0,110,15.5,110,DEAD END,32.44,17.92,26591.69,11
253,Polyline M,109,RT - Residential Local,DN,BC - Bituminous Concrete,CHESTER ST,Do Nothing,CAMBRIDGE TOWNLINE,0,913,26,913,ELM ST,70.75,99.94,0,109
254,Polyline M,107,RT - Residential Local,SI,BC - Bituminous Concrete,CHESTER AVE,"(SI) 2"" Mill & Overlay Local w/ramps",CROSS ST,0,530,15,530,McGRATH HWY,50.95,35.6,68113.58,107
255,Polyline M,106,CO - Collector,SI,BC - Bituminous Concrete,CHERRY ST,"(SI) 3"" Mill & Overlay Art/Col w/ramps",ELM ST,0,1696,27,1696,HIGHLAND AVE,63.08,37.52,465399.36,106
256,Polyline M,105,RT - Residential Local,RM,BC - Bituminous Concrete,CHARNWOOD RD,(RM) Crack Seal,WILLOW AVE,0,634,26,634,HANCOCK ST,64.65,80.1,3315.12,105
257,Polyline M,102,RT - Residential Local,PM,BC - Bituminous Concrete,CHAPEL ST,(PM) Pavement Patching,COLLEGE AVE,0,327,26.5,327,CHANDLER ST,56.74,54.4,17889.38,102
258,Polyline M,101,RT - Residential Local,PM,BC - Bituminous Concrete,CHANDLER ST,(PM) Pavement Patching,PARK AVE,0,1294,26.5,1294,BROADWAY (E),54.47,47.04,70791.84,101
259,Polyline M,1002,CO - Collector,PM,BC - Bituminous Concrete,WASHINGTON ST (E),(PM) Pavement Patching,WEBSTER AVE,0,3019,40.5,3019,LINE ST,68.65,50.6,252418.59,1002
260,Polyline M,1001.6,CO - Collector,SI,BC - Bituminous Concrete,BROADWAY,"(SI) 3"" Mill & Overlay Art/Col w/ramps",GLENWOOD RD,9782,10648,59.5,866,CENTRAL ST,63.95,37.84,523685.87,1001
261,Polyline M,1001.5,CO - Collector,SI,BC - Bituminous Concrete,BROADWAY,"(SI) 3"" Mill & Overlay Art/Col w/ramps",205' E OF MEDFORD ST,9057,9782,59.5,725,GLENWOOD RD,62.64,33.58,438421.2,1001
262,Polyline M,1001.4,CO - Collector,DN,BC - Bituminous Concrete,BROADWAY,Do Nothing,CHARLES E RYAN RD,8392,9057,68,665,205' E OF MEDFORD ST,83.03,99.85,0,1001
263,Polyline M,1001.3,CO - Collector,PM,BC - Bituminous Concrete,BROADWAY,(PM) Pavement Patching,WILSON AV,7622,8392,60.5,770,CHARLES E RYAN RD,71.93,63.76,96172.12,1001
264,Polyline M,1001.2,CO - Collector,PM,BC - Bituminous Concrete,BROADWAY,(PM) Pavement Patching,JOSEPHINE ST,6595,7622,56,1027,WILSON AV,68.9,53.94,118730.29,1001
265,Polyline M,100,RT - Residential Local,RM,BC - Bituminous Concrete,CENTURY ST,(RM) Crack Seal,MEACHAM ST,0,430,26.5,430,DEAD END,63.24,75.52,2291.66,100
266,Polyline M,385,RT - Residential Local,DN,BC - Bituminous Concrete,MERRIAM ST,Do Nothing,CHARLESTOWN ST,0,978,24,978,WASHINGTON ST,68.32,92.03,0,385
267,Polyline M,386,RT - Residential Local,RM,BC - Bituminous Concrete,MICHIGAN AVE,(RM) Crack Seal,BROADWAY (W),0,524,25,524,PENNSYLVANIA AVE,64.45,79.45,2634.56,386
268,Polyline M,388,RT - Residential Local,PM,BC - Bituminous Concrete,MILLER ST,(PM) Pavement Patching,SACRAMENTO ST,0,518,20,518,BEACON ST,58.83,61.2,21387.62,388
269,Polyline M,1001.13,CO - Collector,SI,BC - Bituminous Concrete,BROADWAY,"(SI) 3"" Mill & Overlay Art/Col w/ramps",C0LLEGE AVE,5328,6595,48,1267,JOSEPHINE ST,66.36,45.68,618092.98,1001
270,Polyline M,389,RT - Residential Local,RM,BC - Bituminous Concrete,MILTON ST,(RM) Crack Seal,CAMBRIDGE TOWNLINE,0,241,26.5,241,ORCHARD ST,62.99,74.72,1284.39,389
271,Polyline M,1001.12,CO - Collector,PM,BC - Bituminous Concrete,BROADWAY,(PM) Pavement Patching,WALLACE ST,4233,5328,48,1095,C0LLEGE AVE,67.12,48.13,108507.2,1001
272,Polyline M,10,RT - Residential Local,SI,BC - Bituminous Concrete,ALBION ST,"(SI) 2"" Mill & Overlay Local w/ramps",CENTRAL ST,0,2787,26.5,2787,CEDAR ST,50.72,34.84,632777.77,10
273,Polyline M,394,RT - Residential Local,RM,BC - Bituminous Concrete,MONTGOMERY AVE,(RM) Crack Seal,BROADWAY (E),0,315,26.5,315,WELLINGTON AVE,62.6,73.46,1678.78,394
274,Polyline M,408.1,CO - Collector,PM,BC - Bituminous Concrete,MOUNT VERNON ST,(PM) Pavement Patching,PEARL ST,1089,1744,26.5,655,WASHINTON ST,72.12,66.9,35833.57,408
275,Polyline M,396,RT - Residential Local,RM,BC - Bituminous Concrete,MONTROSE ST,(RM) Crack Seal,SCHOOL ST,0,929,26,929,SYCAMORE ST,65.28,82.15,4857.64,396
276,Polyline M,41,AR - Arterial,BR,BC - Bituminous Concrete,BEACON ST,(BR) Recon/Reclaim Arterial w/ramps,CAMBRIDGE TOWNLINE,0,856,44.5,856,BUCKINGHAM ST,63.75,22.18,688871.93,41
277,Polyline M,41.05,AR - Arterial,SI,BC - Bituminous Concrete,BEACON ST,"(SI) 3"" Mill & Overlay Art/Col w/ramps",BUCKINGHAM ST,856,1655,44.5,799,230' S OF WASHINGTON ST,65.33,27.32,361362.3,41
278,Polyline M,41.1,AR - Arterial,BR,BC - Bituminous Concrete,BEACON ST,(BR) Recon/Reclaim Arterial w/ramps,230' S OF WASHINGTON ST,1655,2551,42.5,896,PROPERZI WAY (S),64.33,24.06,688655.46,41
279,Polyline M,391,RT - Residential Local,RM,BC - Bituminous Concrete,MINNESOTA AVE,(RM) Crack Seal,BROADWAY (W),0,572,25,572,PENNSYLVANIA AVE,63.68,76.96,2875.89,391
280,Polyline M,390,RT - Residential Local,PM,BC - Bituminous Concrete,MINER ST,(PM) Pavement Patching,AMES ST,0,286,26,286,VERNON ST,57.77,57.76,15351.17,390
281,Polyline M,406,RT - Residential Local,PM,BC - Bituminous Concrete,MOUNT PLEASANT ST,(PM) Pavement Patching,BROADWAY (E),0,716,23,716,DEAD END,57.38,56.48,33997.31,406
282,Polyline M,400.1,CO - Collector,RM,BC - Bituminous Concrete,MORRISON AVE,(RM) Crack Seal,WILLOW AVE,1437,3158,26.5,1721,COLLEGE AVE,78.36,87.16,9171.98,400
283,Polyline M,403,RT - Residential Local,RM,BC - Bituminous Concrete,MORTON ST,(RM) Crack Seal,KNOWLTON ST,0,326,26.5,326,GLEN ST,66.18,85.08,1737.4,403
284,Polyline M,404,RT - Residential Local,PM,BC - Bituminous Concrete,MOSSLAND ST,(PM) Pavement Patching,SOMERVILLE AVE,0,448,26.5,448,ELM ST,55.7,51.04,24509.06,404
285,Polyline M,1001,CO - Collector,RM,BC - Bituminous Concrete,BROADWAY,(RM) Crack Seal,ARLINGTON TOWNLINE,0,2518,43,2518,WESTMINSTER ST,75.99,76.96,21775.1,1001
286,Polyline M,400,CO - Collector,DN,BC - Bituminous Concrete,MORRISON AVE,Do Nothing,CEDAR ST,0,1437,33,1437,WILLOW AVE,80.1,92.83,0,400
287,Polyline M,4,RE - Residential Dead End,SI,BC - Bituminous Concrete,ACADIA PARK,"(SI) 2"" Mill & Overlay Local w/ramps",SOMERVILLE AVE,0,274,26.5,274,DEAD END,35.06,26.45,62210.81,4
288,Polyline M,398,RT - Residential Local,DN,BC - Bituminous Concrete,MORELAND ST,Do Nothing,MAIN ST,0,1555,26.5,1555,MYSTIC AVE,67.64,89.84,0,398
289,Polyline M,399,RT - Residential Local,PM,BC - Bituminous Concrete,MORGAN ST,(PM) Pavement Patching,PARK ST,0,432,26.5,432,BEACON ST,60.39,66.26,23633.76,399
290,Polyline M,1001.1,CO - Collector,SI,BC - Bituminous Concrete,BROADWAY,"(SI) 3"" Mill & Overlay Art/Col w/ramps",WESTMINSTER ST,2518,4233,48,1715,WALLACE ST,66.17,45.05,836645.9,1001
291,Polyline M,89,RT - Residential Local,RM,BC - Bituminous Concrete,CAMPBELL PARK,(RM) Crack Seal,MEACHAM RD,0,432,26.5,432,KINGSTON ST,66.65,86.6,2302.32,89
292,Polyline M,88,CO - Collector,SI,BC - Bituminous Concrete,CAMERON AVE,"(SI) 3"" Mill & Overlay Art/Col w/ramps",HOLLAND ST,0,1097,40,1097,CAMBRIDGE TOWNLINE,65.23,44.51,445967.47,88
293,Polyline M,87,RT - Residential Local,DN,BC - Bituminous Concrete,CAMBRIA ST,Do Nothing,CENTRAL ST,0,527,26.5,527,BENTON RD,70.08,97.75,0,87
294,Polyline M,86,RT - Residential Local,PM,BC - Bituminous Concrete,CALVIN ST,(PM) Pavement Patching,WASHINGTON ST,0,722,23,722,BEACON ST,55.98,51.92,34282.14,86
295,Polyline M,84,RE - Residential Dead End,DN,BC - Bituminous Concrete,CADY AVE,Do Nothing,SIMPSON AVE,0,222,26,222,DEAD END,53.68,86.95,0,84
296,Polyline M,83,RT - Residential Local,RM,BC - Bituminous Concrete,BUTLER DR,(RM) Crack Seal,MYSTIC AVE,0,512,26.5,512,DEAD END,61.78,70.8,2728.68,83
297,Polyline M,82,RT - Residential Local,PM,BC - Bituminous Concrete,BURNSIDE AVE,(PM) Pavement Patching,ELM ST,0,774,26,774,SUMMER ST,54.92,48.48,41544.88,82
298,Polyline M,79,RT - Residential Local,RM,BC - Bituminous Concrete,BUCKINGHAM ST,(RM) Crack Seal,BEACON ST,0,345,26.5,345,DIMICK ST,64.04,78.12,1838.65,79
299,Polyline M,78,RT - Residential Local,RM,BC - Bituminous Concrete,BROWNING RD,(RM) Crack Seal,SYCAMORE ST,0,722,26,722,CENTRAL ST,63.36,75.92,3775.26,78
300,Polyline M,77,RT - Residential Local,RM,BC - Bituminous Concrete,BROOK ST,(RM) Crack Seal,GLEN ST,0,547,26,547,CROSS ST,64.34,79.1,2860.2,77
301,Polyline M,74,RT - Residential Local,RM,BC - Bituminous Concrete,BRISTOL RD,(RM) Crack Seal,MEDFORD TOWNLINE,0,194,26,194,BROADWAY (E),62.28,72.41,1014.4,74
302,Polyline M,73,RT - Residential Local,SI,BC - Bituminous Concrete,BRASTOW AVE,"(SI) 2"" Mill & Overlay Local w/ramps",LOWELL ST,0,728,26.5,728,PORTER ST,52.11,39.35,165289.91,73
303,Polyline M,72,RT - Residential Local,PM,BC - Bituminous Concrete,BRADLEY ST,(PM) Pavement Patching,PEARL ST,0,808,26.5,808,JACKSON RD,59.21,62.42,44203.86,72
304,Polyline M,71,RE - Residential Dead End,RM,BC - Bituminous Concrete,BRADFORD AVE,(RM) Crack Seal,SCHOOL ST,0,162,27,162,DEAD END,50.92,78,879.66,71
305,Polyline M,7,RT - Residential Local,PM,BC - Bituminous Concrete,ADRIAN ST,(PM) Pavement Patching,JOSEPH ST,0,620,27,620,MARION ST,57.7,57.52,34558.8,7
306,Polyline M,69,RE - Residential Dead End,DN,BC - Bituminous Concrete,BOWDOIN ST,Do Nothing,WASHINGTON ST,0,368,26,368,DEAD END,55.86,94.06,0,69
307,Polyline M,671,RT - Residential Local,DN,BC - Bituminous Concrete,MAINE TERR,Do Nothing,MAINE AVE,0,358,22,358,AUSTIN ST,70.08,97.77,0,671
308,Polyline M,670,RT - Residential Local,SI,BC - Bituminous Concrete,CYPRESS ST,"(SI) 2"" Mill & Overlay Local w/ramps",CENTRAL ST,0,299,26.5,299,BEECH ST,49.88,32.12,67886.87,670
309,Polyline M,67,CO - Collector,DN,BC - Bituminous Concrete,BOW ST,Do Nothing,WASHINGTON ST,0,1583,37,1583,CHURCH ST,82.93,97.02,0,67
310,Polyline M,669,RE - Residential Dead End,DN,BC - Bituminous Concrete,THORNDIKE ST (S),Do Nothing,DEAD END,0,129,26.5,129,KINGSTON ST,54.82,90.68,0,669
311,Polyline M,668,RE - Residential Dead End,RM,BC - Bituminous Concrete,THORNDIKE ST (N),(RM) Crack Seal,HOLLAND ST,0,476,26.5,476,DEAD END,50.66,77.16,2536.82,668
312,Polyline M,667,RT - Residential Local,RM,BC - Bituminous Concrete,RUSH ST (S),(RM) Crack Seal,PEARL ST,0,360,26,360,FLINT ST,60.97,68.14,1882.4,667
313,Polyline M,666,RE - Residential Dead End,RM,BC - Bituminous Concrete,RUSH ST (N),(RM) Crack Seal,BROADWAY (E),0,683,27,683,DEAD END,48.02,68.55,3708.69,666
314,Polyline M,665,RT - Residential Local,BR,BC - Bituminous Concrete,PROPERZI WAY (S),(BR) Recon/Reclaim Local w/ramps,HANSON ST,0,681,20,681,BEACON ST,44.92,16,212426.13,665
315,Polyline M,664,RT - Residential Local,PM,BC - Bituminous Concrete,PROPERZI WAY (N),(PM) Pavement Patching,SOMERVILLE AVE,0,419,26.5,419,TYLER ST,59.05,61.92,22922.52,664
316,Polyline M,663,RE - Residential Dead End,DN,BC - Bituminous Concrete,KENT ST (S),Do Nothing,DEAD END,0,418,18,418,BEACON ST,57.69,99.98,0,663
317,Polyline M,662,RE - Residential Dead End,DN,BC - Bituminous Concrete,KENT ST (N),Do Nothing,SOMERVILLE AVE,0,321,34,321,DEAD END,57.69,99.98,0,662
318,Polyline M,661,RT - Residential Local,DN,BC - Bituminous Concrete,GILMAN ST,Do Nothing,CROSS ST,0,1483,26.5,1483,WALNUT ST,68.48,92.57,0,661
319,Polyline M,660.1,CO - Collector,PM,BC - Bituminous Concrete,COLLEGE AVE,(PM) Pavement Patching,BROADWAY,2464,4017,40,1553,MEDFORD TOWNLINE,74.3,68.97,128243.25,660
320,Polyline M,660,CO - Collector,RM,BC - Bituminous Concrete,COLLEGE AVE,(RM) Crack Seal,ELM ST,0,2464,40,2464,BROADWAY,76.34,75.6,19821.51,660
321,Polyline M,66,RT - Residential Local,PM,BC - Bituminous Concrete,BOSTON ST,(PM) Pavement Patching,WASHINGTON ST,0,1933,26,1933,WALNUT ST,54.47,47.04,103754.81,66
322,Polyline M,659,RT - Residential Local,PM,BC - Bituminous Concrete,CENTRAL RD,(PM) Pavement Patching,CENTRAL ST,0,560,26,560,SYCAMORE ST,57.6,57.2,30058.35,659
323,Polyline M,658.5,AR - Arterial,SI,BC - Bituminous Concrete,BROADWAY (E),"(SI) 3"" Mill & Overlay Art/Col w/ramps",CUTTER ST,5103,6752,34,1649,BOSTON TOWNLINE,68.01,36.04,569817.85,658
324,Polyline M,658.4,AR - Arterial,SI,BC - Bituminous Concrete,BROADWAY (E),"(SI) 3"" Mill & Overlay Art/Col w/ramps",AUTUMN ST,3956,5103,34,1147,CUTTER ST,68.93,39.03,396349.57,658
325,Polyline M,658.3,AR - Arterial,SI,BC - Bituminous Concrete,BROADWAY (E),"(SI) 3"" Mill & Overlay Art/Col w/ramps",MONTGOMERY AVE,2951,3956,34,1005,AUTUMN ST,69.15,39.73,347281.4,658
326,Polyline M,658.2,AR - Arterial,RM,BC - Bituminous Concrete,BROADWAY (E),(RM) Crack Seal,SARGENT AVE,2266,2951,35,685,MONTGOMERY AVE,80.54,76.75,4821.64,658
327,Polyline M,658.1,AR - Arterial,SI,BC - Bituminous Concrete,BROADWAY (E),"(SI) 3"" Mill & Overlay Art/Col w/ramps",DARTMOUTH ST,1138,2266,34,1128,SARGENT AVE,69.84,41.97,389783.86,658
328,Polyline M,658,AR - Arterial,PM,BC - Bituminous Concrete,BROADWAY (E),(PM) Pavement Patching,CENTRAL ST,0,1138,36,1138,DARTMOUTH ST,77.23,66.01,84576.16,658
329,Polyline M,657.5,AR - Arterial,PM,BC - Bituminous Concrete,BROADWAY (W),(PM) Pavement Patching,BOND ST,5676,6317,32,641,CENTRAL ST,73.24,53.03,42345.86,657
330,Polyline M,657.4,AR - Arterial,PM,BC - Bituminous Concrete,BROADWAY (W),(PM) Pavement Patching,SCHOOL ST,5057,5676,33,619,BOND ST,77.29,66.19,42170.47,657
331,Polyline M,657.3,AR - Arterial,RM,BC - Bituminous Concrete,BROADWAY (W),(RM) Crack Seal,130' E OF MARSHALL ST,4383,5057,34,674,SCHOOL ST,82.28,82.4,4608.66,657
332,Polyline M,657.2,AR - Arterial,PM,BC - Bituminous Concrete,BROADWAY (W),(PM) Pavement Patching,320' OF FELLSWAY,3207,4383,35,1176,130' E OF MARSHALL ST,73.24,53.03,84972.47,657
333,Polyline M,657.1,AR - Arterial,RM,BC - Bituminous Concrete,BROADWAY (W),(RM) Crack Seal,CROSS ST EAST,2161,3207,40,1046,320' W OF FELLSWAY,82.3,82.48,8414.49,657
334,Polyline M,657,AR - Arterial,PM,BC - Bituminous Concrete,BROADWAY (W),(PM) Pavement Patching,ALFRED A LOMBARDI WY,0,2161,35,2161,CROSS ST EAST,77.61,67.24,156144.28,657
335,Polyline M,656,RE - Residential Dead End,DN,BC - Bituminous Concrete,BELMONT SQ,Do Nothing,BELMONT ST,0,206,20,206,DEAD END,53.98,87.95,0,656
336,Polyline M,655,RT - Residential Local,RM,BC - Bituminous Concrete,ABERDEEN RD,(RM) Crack Seal,CEDAR ST,0,470,26,470,HIGHLAND AVE,61.7,70.52,2457.58,655
337,Polyline M,654,CO - Collector,RM,BC - Bituminous Concrete,VINAL AVE,(RM) Crack Seal,SUMMER ST,0,1483,29.5,1483,HIGHLAND AVE,76.82,82.16,8798.3,654
338,Polyline M,653,RE - Residential Dead End,BR,BC - Bituminous Concrete,RUFO RD,(BR) Recon/Reclaim Local w/ramps,CAMBRIDGE TOWNLINE,0,881,40,881,McGRATH HWY,28.99,6.73,549627.16,653
339,Polyline M,652.3,CO - Collector,PM,BC - Bituminous Concrete,POWDER HOUSE BLVD,(PM) Pavement Patching,NORTH ST,4293,5194,40,901,ALEWIFE BROOK PKWY,73.5,68.88,74402.5,652
340,Polyline M,652.2,CO - Collector,SI,BC - Bituminous Concrete,POWDER HOUSE BLVD,"(SI) 3"" Mill & Overlay Art/Col w/ramps",CURTIS ST,2892,4293,40,1401,NORTH ST,65.55,43.04,569553.5,652
341,Polyline M,652.1,CO - Collector,SI,BC - Bituminous Concrete,POWDER HOUSE BLVD,"(SI) 3"" Mill & Overlay Art/Col w/ramps",MASON ST,1477,2892,40,1415,CURTIS ST,63.14,35.2,575244.77,652
342,Polyline M,652,CO - Collector,SI,BC - Bituminous Concrete,POWDER HOUSE BLVD,"(SI) 3"" Mill & Overlay Art/Col w/ramps",POWDER HOUSE ROTARY,0,1477,40,1477,MASON ST,62.46,32.98,600449.33,652
343,Polyline M,651,RT - Residential Local,PM,BC - Bituminous Concrete,OXFORD ST,(PM) Pavement Patching,SCHOOL ST,0,1395,24,1395,CENTRAL ST,54.89,48.4,69117.6,651
344,Polyline M,650,RT - Residential Local,PM,BC - Bituminous Concrete,OTIS ST (W),(PM) Pavement Patching,McGRATH HWY,0,350,26.5,350,WIGGLESWORTH ST,57.55,57.04,19147.8,650
345,Polyline M,65,RT - Residential Local,RM,BC - Bituminous Concrete,BONNER AVE,(RM) Crack Seal,WASHINGTON ST,0,432,27,432,COLUMBUS AVE,65.91,84.2,2345.76,65
346,Polyline M,649,RT - Residential Local,RM,BC - Bituminous Concrete,OTIS ST (E),(RM) Crack Seal,CROSS ST,0,798,26.5,798,McGRATH HWY,64.02,78.08,4252.9,649
347,Polyline M,648.1,CO - Collector,SI,BC - Bituminous Concrete,MIDDLESEX AVE,"(SI) 3"" Mill & Overlay Art/Col w/ramps",FOLEY ST,723,2118,60.5,1395,FELLSWAY WEST,66.61,46.47,857759.93,648
348,Polyline M,648,CO - Collector,PM,BC - Bituminous Concrete,MIDDLESEX AVE,(PM) Pavement Patching,MYSTIC AVE,0,723,60.5,723,FOLEY ST,68.26,51.86,90301.96,648
349,Polyline M,647,RT - Residential Local,DN,BC - Bituminous Concrete,FOLEY ST,Do Nothing,MIDDLESEX AVE,0,690,48,690,ASSEMBLY SQUARE DR,68.63,98.04,0,647
350,Polyline M,646,RE - Residential Dead End,PM,BC - Bituminous Concrete,COBBLE HILL RD,(PM) Pavement Patching,NEW WASHINGTON ST,0,796,26,796,DEAD END,45.96,61.86,42725.82,646
351,Polyline M,645,CO - Collector,PM,BC - Bituminous Concrete,BOSTON AVE (N),(PM) Pavement Patching,MEDFORD TOWNLINE (E),0,947,40,947,MEDFORD TOWNLINE (W),71.9,66.18,78201.18,645
352,Polyline M,644.1,CO - Collector,RM,BC - Bituminous Concrete,BOSTON AVE (S),(RM) Crack Seal,150' S OF PRICHARD AVE,1114,2219,33,1105,MEDFORD TOWNLINE,76.93,82.52,7333.52,644
353,Polyline M,644,CO - Collector,DN,BC - Bituminous Concrete,BOSTON AVE (S),Do Nothing,MORRISON AVE,0,1114,26.5,1114,150' S OF PRICHARD AVE,80.36,93.66,0,644
354,Polyline M,643,RT - Residential Local,DN,BC - Bituminous Concrete,BONAIR ST (E),Do Nothing,CROSS ST,0,797,26.5,797,McGRATH HWY,67.7,90.04,0,643
355,Polyline M,642,RT - Residential Local,DN,BC - Bituminous Concrete,BONAIR ST (W),Do Nothing,McGRATH HWY,0,733,27,733,WALNUT ST,68.18,91.6,0,642
356,Polyline M,641,RE - Residential Dead End,PM,BC - Bituminous Concrete,YORKTOWN ST,(PM) Pavement Patching,CAMBRIDGE TOWNLINE,0,294,26.5,294,MALVERN AVE,40.86,45.3,16084.15,641
357,Polyline M,640,RT - Residential Local,SI,BC - Bituminous Concrete,WYATT ST,"(SI) 2"" Mill & Overlay Local w/ramps",CONCORD AVE,0,548,27,548,LINCOLN PKWY,47,22.74,126768.84,640
358,Polyline M,64,RT - Residential Local,RM,BC - Bituminous Concrete,BOND ST,(RM) Crack Seal,BROADWAY (W),0,689,26,689,JAQUES ST,63.79,77.32,3602.7,64
359,Polyline M,638,RT - Residential Local,DN,BC - Bituminous Concrete,WOODSTOCK ST,Do Nothing,VICTORIA ST,0,360,26,360,ALEWIFE BROOK PKWY,69,94.25,0,638
360,Polyline M,637,RT - Residential Local,SI,BC - Bituminous Concrete,WOODS AVE,"(SI) 2"" Mill & Overlay Local w/ramps",NORTH ST,0,1218,26.5,1218,ALEWIFE BROOK PKWY,54.25,46.32,276541.91,637
361,Polyline M,635,RT - Residential Local,DN,BC - Bituminous Concrete,WISCONSIN AVE,Do Nothing,BROADWAY (W),0,549,27,549,PENNSYLVANIA AVE,68.21,91.68,0,635
362,Polyline M,634,RT - Residential Local,SI,BC - Bituminous Concrete,WINTER ST,"(SI) 2"" Mill & Overlay Local w/ramps",COLLEGE AVE,0,473,20,473,HOLLAND ST,51.49,37.35,81051.09,634
363,Polyline M,632,RT - Residential Local,SI,BC - Bituminous Concrete,WINSLOW AVE,"(SI) 2"" Mill & Overlay Local w/ramps",COLLEGE AVE,0,1184,27,1184,CLIFTON ST,51.85,38.5,273894.72,632
364,Polyline M,631,RT - Residential Local,PM,BC - Bituminous Concrete,WINDSOR ST,(PM) Pavement Patching,CAMBRIDGE TOWNLINE,0,560,25.5,560,SOUTH ST,60.89,67.88,29480.33,631
365,Polyline M,630,RT - Residential Local,RM,BC - Bituminous Concrete,WINDSOR RD,(RM) Crack Seal,HANCOCK ST,0,621,26,621,WILLOW AVE,64.75,80.45,3247.14,630
366,Polyline M,63,RT - Residential Local,SI,BC - Bituminous Concrete,BOLTON ST,"(SI) 2"" Mill & Overlay Local w/ramps",OAK ST,0,522,24.5,522,HOUGHTON ST,47.45,24.2,109573.31,63
367,Polyline M,628,RT - Residential Local,SI,BC - Bituminous Concrete,WINDOM ST,"(SI) 2"" Mill & Overlay Local w/ramps",ELM ST,0,353,26.5,353,SUMMER ST,53.45,43.72,80147.36,628
368,Polyline M,627,RT - Residential Local,RM,BC - Bituminous Concrete,WILTON ST,(RM) Crack Seal,LOWELL ST,0,509,24,509,HINCKLEY ST,63.45,76.2,2456.77,627
369,Polyline M,626,RE - Residential Dead End,RM,BC - Bituminous Concrete,WILSON AVE,(RM) Crack Seal,BROADWAY (E),0,352,23,352,DEAD END,52.11,81.87,1628.2,626
370,Polyline M,625,RT - Residential Local,RM,BC - Bituminous Concrete,WILLOW ST,(RM) Crack Seal,SOUTH ST,0,197,17,197,CAMBRIDGE TOWNLINE,63.59,76.68,673.52,625
371,Polyline M,624.1,CO - Collector,DN,BC - Bituminous Concrete,WILLOW AVE,Do Nothing,HIGHLAND ST,1125,3588,33.5,2463,BROADWAY (E),82.29,99.94,0,624
372,Polyline M,624,CO - Collector,DN,BC - Bituminous Concrete,WILLOW AVE,Do Nothing,CAMBRIDGE TOWNLINE,0,1125,33.5,1125,HIGHLAND ST,82.23,99.75,0,624
373,Polyline M,623,RT - Residential Local,SI,BC - Bituminous Concrete,WILLOUGHBY ST,"(SI) 2"" Mill & Overlay Local w/ramps",CENTRAL ST,0,460,26,460,SYCAMORE ST,53.16,42.76,102470.71,623
374,Polyline M,621,RT - Residential Local,SI,BC - Bituminous Concrete,WILLIAM ST,"(SI) 2"" Mill & Overlay Local w/ramps",COLLEGE AVE,0,434,26.5,434,CHANDLER ST,48.36,27.16,98538.1,621
375,Polyline M,620,RT - Residential Local,RM,BC - Bituminous Concrete,WIGGLESWORTH ST,(RM) Crack Seal,PEARL ST,0,789,27,789,BONAIR ST (W),65.03,81.35,4284.27,620
376,Polyline M,619,RT - Residential Local,PM,BC - Bituminous Concrete,WHITMAN ST,(PM) Pavement Patching,MASON ST,0,683,26.5,683,PACKARD AVE,54.82,48.16,37365.49,619
377,Polyline M,618,RT - Residential Local,PM,BC - Bituminous Concrete,WHITFIELD RD,(PM) Pavement Patching,PACKARD AVE,0,738,26.5,738,CURTIS ST,55.21,49.44,40374.34,618
378,Polyline M,617,RT - Residential Local,PM,BC - Bituminous Concrete,WHITE ST,(PM) Pavement Patching,ELM ST,0,31,20.5,31,CAMBRIDGE TOWNLINE,58.78,61.04,1311.93,617
379,Polyline M,614,RT - Residential Local,SI,BC - Bituminous Concrete,WHEELER ST,"(SI) 2"" Mill & Overlay Local w/ramps",MOUNT VERNON ST,0,313,26,313,PINCKNEY ST,47.85,25.52,69724.4,614
380,Polyline M,613.1,RT - Residential Local,SI,BC - Bituminous Concrete,WHEATLAND ST,"(SI) 2"" Mill & Overlay Local w/ramps",JAQUES ST,611,1483,27,872,DEAD END,46.48,36.05,201719.76,613
381,Polyline M,613,RT - Residential Local,SI,BC - Bituminous Concrete,WHEATLAND ST,"(SI) 2"" Mill & Overlay Local w/ramps",BROADWAY (W),0,611,27,611,JAQUES ST,48.82,28.66,141342.63,613
382,Polyline M,612,RT - Residential Local,DN,BC - Bituminous Concrete,WESTWOOD RD,Do Nothing,CENTRAL ST,0,524,26.5,524,BENTON RD,68.8,93.59,0,612
383,Polyline M,610,RT - Residential Local,DN,BC - Bituminous Concrete,WESTMINSTER ST,Do Nothing,BROADWAY (E),0,428,26.5,428,ELECTRIC AVE,70.74,99.9,0,610
384,Polyline M,609,RE - Residential Dead End,DN,BC - Bituminous Concrete,WEST ST,Do Nothing,HAWTHORNE ST,0,264,19.5,264,HIGHLAND AVE,57.68,99.97,0,609
385,Polyline M,608,RT - Residential Local,DN,BC - Bituminous Concrete,WEST QUINCY ST,Do Nothing,MEDFORD TOWNLINE,0,311,26.5,311,BAILEY ST,68.23,91.76,0,608
386,Polyline M,607,RT - Residential Local,RM,BC - Bituminous Concrete,WEST ADAMS ST,(RM) Crack Seal,MEDFORD TOWNLINE,0,729,26.5,729,CONWELL AVE,65.91,84.2,3885.17,607
387,Polyline M,606,RT - Residential Local,PM,BC - Bituminous Concrete,WESLEY ST,(PM) Pavement Patching,PEAR ST,0,561,26.5,561,OTIS ST (W),55.48,50.32,30691,606
388,Polyline M,605,RE - Residential Dead End,DN,BC - Bituminous Concrete,WESLEY PARK,Do Nothing,SUMMER ST,0,400,26.5,400,CUL-DE-SAC,57.69,99.98,0,605
389,Polyline M,604,RE - Residential Dead End,PM,BC - Bituminous Concrete,WELLINGTON AVE,(PM) Pavement Patching,WALNUT ST,0,215,26.5,215,MONTGOMERY AVE,46.23,62.76,11762.25,604
390,Polyline M,603,RE - Residential Dead End,PM,BC - Bituminous Concrete,WEBSTER ST,(PM) Pavement Patching,FRANKLIN ST,0,553,24,553,GLEN ST,41.3,46.74,27399.37,603
391,Polyline M,602.1,CO - Collector,SI,BC - Bituminous Concrete,WEBSTER AVE,"(SI) 3"" Mill & Overlay Art/Col w/ramps",PROSPECT ST,976,1977,34,1001,CAMBRIDGE TOWNLINE,65.49,45.35,345899.29,602
392,Polyline M,602,CO - Collector,PM,BC - Bituminous Concrete,WEBSTER AVE,(PM) Pavement Patching,WASHINGTON ST,0,976,34,976,PROSPECT ST,69.78,59.28,68506.5,602
393,Polyline M,600,RT - Residential Local,SI,BC - Bituminous Concrete,WATSON ST,"(SI) 2"" Mill & Overlay Local w/ramps",BROADWAY (E),0,292,26,292,FAIRMOUNT AVE,53.67,44.44,65046.91,600
394,Polyline M,599,RT - Residential Local,DN,BC - Bituminous Concrete,WATERHOUSE ST,Do Nothing,BROADWAY (E),0,1010,26.5,1010,CAMBRIDGE TOWNLINE,70.74,99.9,0,599
395,Polyline M,597.1,AR - Arterial,PM,BC - Bituminous Concrete,WASHINGTON ST (W),(PM) Pavement Patching,MEDFORD ST,2540,3662,49,1122,PROSPECT ST,74.38,56.74,113499.09,597
396,Polyline M,597,AR - Arterial,DN,BC - Bituminous Concrete,WASHINGTON ST (W),Do Nothing,BOSTON TOWNLINE,0,2540,58,2540,MEDFORD ST,85.47,92.78,0,597
397,Polyline M,595,RT - Residential Local,DN,BC - Bituminous Concrete,WARWICK ST,Do Nothing,CEDAR ST,0,965,25.5,965,CLYDE ST,67.14,88.2,0,595
398,Polyline M,594,RT - Residential Local,SI,BC - Bituminous Concrete,WARREN ST,"(SI) 2"" Mill & Overlay Local w/ramps",CAMBRIDGE TOWNLINE,0,129,21,129,MEDFORD ST,50.46,34,23210.11,594
399,Polyline M,593,RT - Residential Local,PM,BC - Bituminous Concrete,WARREN AVE,(PM) Pavement Patching,BOW ST,0,712,26.5,712,COLUMBUS AVE,54.65,47.6,38951.86,593
400,Polyline M,592,RT - Residential Local,PM,BC - Bituminous Concrete,WARNER ST,(PM) Pavement Patching,POWDER HOUSE ROTARY,0,547,39.5,547,MEDFORD TOWNLINE,60.33,66.08,44605.38,592
401,Polyline M,591,RT - Residential Local,RM,BC - Bituminous Concrete,WARE ST,(RM) Crack Seal,CURTIS ST,0,790,26,790,RUSSELL RD,63.79,77.32,4130.82,591
402,Polyline M,590,RT - Residential Local,SI,BC - Bituminous Concrete,WARD ST,"(SI) 2"" Mill & Overlay Local w/ramps",MEDFORD ST,0,473,20,473,HARDING ST,48.01,26.04,81051.09,590
403,Polyline M,59,RT - Residential Local,SI,BC - Bituminous Concrete,BILLINGHAM ST,"(SI) 2"" Mill & Overlay Local w/ramps",WILLIAM ST,0,628,26,628,BROADWAY (E),53.21,42.94,139894.5,59
404,Polyline M,589,RE - Residential Dead End,RM,BC - Bituminous Concrete,WALTER TER,(RM) Crack Seal,JACKSON RD,0,238,26,238,DEAD END,52.27,82.38,1244.48,589
405,Polyline M,588.2,CO - Collector,PM,BC - Bituminous Concrete,WALNUT ST,(PM) Pavement Patching,PEARL ST,2584,4009,26,1425,BROADWAY (E),70.23,60.75,76487.73,588
406,Polyline M,588.1,CO - Collector,RM,BC - Bituminous Concrete,WALNUT ST,(RM) Crack Seal,MEDFORD ST,2008,2584,26,576,PEARL ST,78.35,87.13,3011.84,588
407,Polyline M,588,CO - Collector,DN,BC - Bituminous Concrete,WALNUT ST,Do Nothing,BOW ST,0,2008,25.5,2008,MEDFORD ST,82.26,99.86,0,588
408,Polyline M,587,RE - Residential Dead End,RM,BC - Bituminous Concrete,WALNUT RD,(RM) Crack Seal,WALNUT ST,0,369,26,369,DEAD END,47.51,66.9,1929.46,587
409,Polyline M,586,RT - Residential Local,DN,BC - Bituminous Concrete,WALLACE ST,Do Nothing,HOLLAND ST,0,1417,26,1417,BROADWAY (E),67.11,88.12,0,586
410,Polyline M,585,RT - Residential Local,DN,BC - Bituminous Concrete,WALKER ST,Do Nothing,BROADWAY (E),0,757,26.5,757,LEONARD ST,67.47,89.28,0,585
411,Polyline M,584,RT - Residential Local,PM,BC - Bituminous Concrete,WALDO ST,(PM) Pavement Patching,HIGHLAND AVE,0,339,26,339,HUDSON ST,59.94,64.82,18195.95,584
412,Polyline M,583,RT - Residential Local,PM,BC - Bituminous Concrete,WALDO AVE,(PM) Pavement Patching,DIMICK ST,0,332,27,332,BEACON ST,59.96,64.88,18505.68,583
413,Polyline M,581,RT - Residential Local,DN,BC - Bituminous Concrete,VIRGINIA ST,Do Nothing,ALDRICH ST,0,439,26,439,JASPER ST,70.75,99.95,0,581
414,Polyline M,58,RT - Residential Local,PM,BC - Bituminous Concrete,BIGELOW ST,(PM) Pavement Patching,BOSTON ST,0,253,33,253,MUNROE ST,59.46,63.26,17236.11,58
415,Polyline M,576,RT - Residential Local,RM,BC - Bituminous Concrete,VICTORIA ST,(RM) Crack Seal,BROADWAY (E),0,1068,26.5,1068,CAMBRIDGE TOWNLINE,66.54,86.24,5691.85,576
416,Polyline M,575,RT - Residential Local,RM,BC - Bituminous Concrete,VERNON ST,(RM) Crack Seal,CENTRAL ST,0,1422,26.5,1422,LOWELL ST,62.78,74.02,7578.47,575
417,Polyline M,574,RT - Residential Local,PM,BC - Bituminous Concrete,VERMONT AVE,(PM) Pavement Patching,PENNSYLVANIA AVE,0,305,25,305,NEW HAMPSHIRE AVE,60.3,65.96,15741.35,574
418,Polyline M,573,RT - Residential Local,SI,BC - Bituminous Concrete,UPLAND RD,"(SI) 2"" Mill & Overlay Local w/ramps",CURTIS ST,0,693,26.5,693,HILLSDALE RD,52.88,41.86,157342.96,573
419,Polyline M,569,RT - Residential Local,RM,BC - Bituminous Concrete,TYLER ST,(RM) Crack Seal,DANE ST,0,443,26,443,PROPERZI WAY (N),66.17,85.04,2316.4,569
420,Polyline M,567,RT - Residential Local,BR,BC - Bituminous Concrete,TUFTS ST,(BR) Recon/Reclaim Local w/ramps,WASHINGTON ST,0,1039,27,1039,CROSS ST,46.13,19.92,437533.29,567
421,Polyline M,566,RT - Residential Local,PM,BC - Bituminous Concrete,TRULL ST,(PM) Pavement Patching,VERNON ST,0,1096,26.5,1096,MEDFORD ST,60.18,65.6,59959.7,566
422,Polyline M,564,RT - Residential Local,PM,BC - Bituminous Concrete,TREMONT ST,(PM) Pavement Patching,CAMBRIDGE TOWNLINE,0,619,26.5,619,WEBSTER AVE,56.15,52.48,33864.09,564
423,Polyline M,563,RT - Residential Local,PM,BC - Bituminous Concrete,TOWER ST,(PM) Pavement Patching,HIGHLAND AVE,0,605,26.5,605,CROWN ST,58.34,59.6,33098.23,563
424,Polyline M,560.1,RT - Residential Local,BR,BC - Bituminous Concrete,THURSTON ST,(BR) Recon/Reclaim Local w/ramps,MEDFORD ST,414,1797,26,1383,BROADWAY (E),45.46,17.76,560824.47,560
425,Polyline M,560,RT - Residential Local,DN,BC - Bituminous Concrete,THURSTON ST,Do Nothing,RICHDALE AVE,0,414,26,414,MEDFORD ST,70.75,99.95,0,560
426,Polyline M,56,RT - Residential Local,PM,BC - Bituminous Concrete,BERKELEY ST,(PM) Pavement Patching,SCHOOL ST,0,1404,26.5,1404,CENTRAL ST,59.13,62.18,76809.72,56
427,Polyline M,559,RE - Residential Dead End,SI,BC - Bituminous Concrete,THORPE ST,"(SI) 2"" Mill & Overlay Local w/ramps",HIGHLAND AVE,0,477,20.5,477,DEAD END,37.72,35.08,83780.02,559
428,Polyline M,557,RT - Residential Local,RM,BC - Bituminous Concrete,TENNYSON ST,(RM) Crack Seal,PEMBROKE ST,0,959,26.5,959,FORSTER ST,62.06,71.71,5110.93,557
429,Polyline M,556.1,RT - Residential Local,RM,BC - Bituminous Concrete,TEN HILLS RD,(RM) Crack Seal,271' N OF PUTNAM RD,1033,2018,26,985,SHORE DR,65.14,81.7,5150.46,556
430,Polyline M,556,RT - Residential Local,RM,BC - Bituminous Concrete,TEN HILLS RD,(RM) Crack Seal,BAILEY RD,0,1033,20,1033,271' N OF PUTNAM RD,64.94,81.05,4154.96,556
431,Polyline M,555,CO - Collector,DN,BC - Bituminous Concrete,TEMPLE ST,Do Nothing,BROADWAY (W),0,1945,44,1945,BAILEY RD,82.27,99.89,0,555
432,Polyline M,554,RT - Residential Local,PM,BC - Bituminous Concrete,TEMPLE RD,(PM) Pavement Patching,BAILEY RD,0,1234,27,1234,SHORE DR,59.52,63.44,68783.16,554
433,Polyline M,553,RT - Residential Local,PM,BC - Bituminous Concrete,TEELE AVE,(PM) Pavement Patching,PACKARD AVE,0,736,26.5,736,CURTIS ST,57.55,57.04,40264.9,553
434,Polyline M,552,RT - Residential Local,DN,BC - Bituminous Concrete,TAYLOR ST,Do Nothing,SYDNEY ST,0,367,26,367,MYSTIC AVE,70.75,99.95,0,552
435,Polyline M,55,RT - Residential Local,PM,BC - Bituminous Concrete,BENTON RD,(PM) Pavement Patching,SUMMER ST,0,1314,26.5,1314,HUDSON ST,60.09,65.3,71886.02,55
436,Polyline M,549,RT - Residential Local,RM,BC - Bituminous Concrete,SYDNEY ST,(RM) Crack Seal,GRANT ST,0,738,27,738,TEMPLE ST,66.7,86.76,4007.34,549
437,Polyline M,547.3,RT - Residential Local,SI,BC - Bituminous Concrete,SYCAMORE ST,"(SI) 2"" Mill & Overlay Local w/ramps",EVERGREEN AVE,1891,2712,29,821,BROADWAY (E),50.25,33.32,203989.88,547
438,Polyline M,547.2,RT - Residential Local,BR,BC - Bituminous Concrete,SYCAMORE ST,(BR) Recon/Reclaim Local w/ramps,PEMBROKE ST,1072,1891,29,819,EVERGREEN AVE,43.92,12.74,370436.43,547
439,Polyline M,547.1,RT - Residential Local,DN,BC - Bituminous Concrete,SYCAMORE ST,Do Nothing,MONTROSE ST,532,1072,26,540,PEMBROKE ST,68.72,93.35,0,547
440,Polyline M,547,RT - Residential Local,SI,BC - Bituminous Concrete,SYCAMORE ST,"(SI) 2"" Mill & Overlay Local w/ramps",HIGHLAND AVE,0,532,23.5,532,MONTROSE ST,53.8,44.86,107114.27,547
441,Polyline M,546,RT - Residential Local,SI,BC - Bituminous Concrete,SUNSET RD,"(SI) 2"" Mill & Overlay Local w/ramps",CURTIS ST,0,697,26.5,697,HILLSDALE RD,54.23,46.24,158251.31,546
442,Polyline M,545,RT - Residential Local,DN,BC - Bituminous Concrete,SUNNYSIDE AVE,Do Nothing,WIGGLESWORTH ST,0,345,23,345,WALNUT ST,69.18,94.82,0,545
443,Polyline M,544,RT - Residential Local,SI,BC - Bituminous Concrete,SUMMIT ST,"(SI) 2"" Mill & Overlay Local w/ramps",COLLEGE AVE,0,315,26.5,315,BILLINGHAM ST,49.34,30.34,71519.53,544
444,Polyline M,543,RT - Residential Local,PM,BC - Bituminous Concrete,SUMMIT AVE,(PM) Pavement Patching,WALNUT ST,0,577,30,577,VINAL AVE,57.97,58.4,35735.47,543
445,Polyline M,542.3,CO - Collector,RM,BC - Bituminous Concrete,SUMMER ST,(RM) Crack Seal,WILLOW ST,6856,8097,30,1241,ELM ST,78.11,81.36,7487.37,542
446,Polyline M,542.2,CO - Collector,RM,BC - Bituminous Concrete,SUMMER ST,(RM) Crack Seal,120' E OF CEDAR ST,5351,6856,30,1505,WILLOW ST,78.66,83.16,9080.17,542
447,Polyline M,542.1,CO - Collector,RM,BC - Bituminous Concrete,SUMMER ST,(RM) Crack Seal,120' E OF BELMONT ST,3690,5351,30,1661,120' E OF CEDAR ST,78.39,82.28,10021.37,542
448,Polyline M,542,CO - Collector,DN,BC - Bituminous Concrete,SUMMER ST,Do Nothing,BOW ST,0,3690,31,3690,120' E OF BELMONT ST,81.59,92.67,0,542
449,Polyline M,541,RE - Residential Dead End,DN,BC - Bituminous Concrete,STONE PL,Do Nothing,STONE AVE,0,157,20,157,DEAD END,54.9,90.92,0,541
450,Polyline M,540,RT - Residential Local,DN,BC - Bituminous Concrete,STONE AVE,Do Nothing,SOMERVILLE AVE,0,739,26.5,739,COLUMBUS AVE,69,94.25,0,540
451,Polyline M,539,RT - Residential Local,BR,BC - Bituminous Concrete,STICKNEY AVE,(BR) Recon/Reclaim Local w/ramps,MARSHALL ST,0,502,26.5,502,SCHOOL ST,46.09,19.78,207482.3,539
452,Polyline M,538,RT - Residential Local,RM,BC - Bituminous Concrete,STERLING ST,(RM) Crack Seal,NORTH ST,0,875,26.5,875,ALEWIFE BROOK PKWY,67.03,87.84,4663.27,538
453,Polyline M,536,RT - Residential Local,SI,BC - Bituminous Concrete,SAINT JAMES AVE,"(SI) 2"" Mill & Overlay Local w/ramps",ELM ST,0,674,26.5,674,DEAD END,50.89,35.4,153029.42,536
454,Polyline M,535,RT - Residential Local,RM,BC - Bituminous Concrete,SPRINGFIELD ST,(RM) Crack Seal,CAMBRIDGE TOWNLINE,0,807,27,807,CONCORD AVE,65.75,83.7,4382.01,535
455,Polyline M,534,RT - Residential Local,PM,BC - Bituminous Concrete,SPRING ST,(PM) Pavement Patching,SOMERVILLE AVE,0,1265,25.5,1265,SUMMER ST,56.12,52.4,66593.88,534
456,Polyline M,533,RT - Residential Local,SI,BC - Bituminous Concrete,SPRINGHILL TERR,"(SI) 2"" Mill & Overlay Local w/ramps",HIGHLAND AVE,0,723,14.5,723,BELMONT ST,49.88,32.12,89820.04,533
457,Polyline M,532,RT - Residential Local,DN,BC - Bituminous Concrete,SPENCER AVE,Do Nothing,CEDAR ST,0,774,27,774,HANCOCK ST,70.74,99.9,0,532
458,Polyline M,531.1,RE - Residential Dead End,PM,BC - Bituminous Concrete,SOUTH ST,(PM) Pavement Patching,HARDING ST,601,1160,33.5,559,WINDSOR ST,42.84,51.72,38659.78,531
459,Polyline M,531,RE - Residential Dead End,RM,BC - Bituminous Concrete,SOUTH ST,(RM) Crack Seal,MEDFORD ST,0,601,20,601,HARDING ST,48.15,69,2417.36,531
460,Polyline M,530.2,AR - Arterial,DN,BC - Bituminous Concrete,SOMERVILLE AVE,Do Nothing,PROSPECT ST,1427,8846,49,7419,CAMBRIDGE TOWNLINE,85.25,92.06,0,530
461,Polyline M,530.1,AR - Arterial,SI,BC - Bituminous Concrete,SOMERVILLE AVE,"(SI) 3"" Mill & Overlay Art/Col w/ramps",ROSSMORE ST,600,1427,52,827,PROSPECT ST,70.72,44.84,437063.78,530
462,Polyline M,530,AR - Arterial,PM,BC - Bituminous Concrete,SOMERVILLE AVE,(PM) Pavement Patching,MEDFORD ST,0,600,52,600,ROSSMORE ST,73.48,53.8,64410.73,530
463,Polyline M,53,RE - Residential Dead End,PM,BC - Bituminous Concrete,BENEDICT ST,(PM) Pavement Patching,AUSTIN ST,0,261,26.5,261,DEAD END,42.45,50.46,14278.73,53
464,Polyline M,528,RT - Residential Local,PM,BC - Bituminous Concrete,SMITH AVE,(PM) Pavement Patching,BEACON ST,0,263,15,263,LINE ST,58.54,60.24,8144.17,528
465,Polyline M,526.1,RT - Residential Local,PM,BC - Bituminous Concrete,SKEHAN ST,(PM) Pavement Patching,205' N OF DURHAM ST,583,788,17,205,DURHAM ST,54.97,48.64,7194.55,526
466,Polyline M,525,RT - Residential Local,RM,BC - Bituminous Concrete,SIMPSON AVE,(RM) Crack Seal,HOLLAND ST,0,1091,26.5,1091,BROADWAY (E),66.36,85.68,5814.43,525
467,Polyline M,520,RT - Residential Local,RM,BC - Bituminous Concrete,SEWALL ST,(RM) Crack Seal,GRANT ST,0,669,27,669,TEMPLE ST,62.3,72.48,3632.67,520
468,Polyline M,518,RT - Residential Local,RM,BC - Bituminous Concrete,SEVEN PINES AVE,(RM) Crack Seal,CAMERON AVE,0,217,26.5,217,CAMBRIDGE TOWNLINE,66.26,85.36,1156.48,518
469,Polyline M,516.2,CO - Collector,DN,BC - Bituminous Concrete,SCHOOL ST,Do Nothing,MEDFORD ST,2902,4532,33,1630,BROADWAY (E),80.86,95.28,0,516
470,Polyline M,516.1,CO - Collector,PM,BC - Bituminous Concrete,SCHOOL ST,(PM) Pavement Patching,HIGHLAND AVE,2003,2902,33,899,MEDFORD ST,69.76,59.21,61245.81,516
471,Polyline M,516,CO - Collector,PM,BC - Bituminous Concrete,SCHOOL ST,(PM) Pavement Patching,SOMERVILLE AVE,0,2003,26.5,2003,HIGHLAND AVE,70.06,60.19,109579.64,516
472,Polyline M,514,RT - Residential Local,SI,BC - Bituminous Concrete,SARTWELL AVE,"(SI) 2"" Mill & Overlay Local w/ramps",CEDAR ST,0,466,24,466,CHERRY ST,53.3,43.24,95822.28,514
473,Polyline M,513,RT - Residential Local,PM,BC - Bituminous Concrete,SARGENT AVE,(PM) Pavement Patching,BROADWAY (E),0,1127,26.5,1127,WALNUT ST,55.19,49.36,61655.69,513
474,Polyline M,511,RT - Residential Local,DN,BC - Bituminous Concrete,SANBORN AVE,Do Nothing,WARREN AVE,0,318,26,318,WALNUT ST,70.75,99.95,0,511
475,Polyline M,510,RT - Residential Local,RM,BC - Bituminous Concrete,SACRAMENTO ST,(RM) Crack Seal,CAMBRIDGE TOWNLINE,0,375,20,375,DEAD END,64.72,80.35,1508.33,510
476,Polyline M,509,RT - Residential Local,RM,BC - Bituminous Concrete,RUSSELL ST,(RM) Crack Seal,ELM ST,0,777,26.5,777,CAMBRIDGE TOWNLINE,65.09,81.55,4140.97,509
477,Polyline M,508,RE - Residential Dead End,PM,BC - Bituminous Concrete,RUSSELL RD,(PM) Pavement Patching,BROADWAY (E),0,560,26.5,560,HAMILTON RD,45.83,61.44,30636.38,508
478,Polyline M,506,RT - Residential Local,DN,BC - Bituminous Concrete,ROSSMORE ST,Do Nothing,SOMERVILLE AVE,0,610,27,610,WASHINGTON ST,68.94,94.07,0,506
479,Polyline M,505,RT - Residential Local,SI,BC - Bituminous Concrete,ROSELAND ST,"(SI) 2"" Mill & Overlay Local w/ramps",CAMBRIDGE TOWNLINE,0,159,24.5,159,BEACON ST,48.67,28.18,33375.52,505
480,Polyline M,504,RT - Residential Local,DN,BC - Bituminous Concrete,ROSE ST,Do Nothing,WASHINGTON ST,0,501,26,501,LEWIS ST,69.14,94.7,0,504
481,Polyline M,503,RT - Residential Local,PM,BC - Bituminous Concrete,ROGERS AVE,(PM) Pavement Patching,MORRISON AVE,0,1728,30,1728,BOSTON AVE (S),57.85,58,107020.8,503
482,Polyline M,502,RT - Residential Local,SI,BC - Bituminous Concrete,ROBINSON ST,"(SI) 2"" Mill & Overlay Local w/ramps",CENTRAL ST,0,688,26,688,BARTLETT ST,50.39,33.76,153260.75,502
483,Polyline M,50,RT - Residential Local,RM,BC - Bituminous Concrete,BELMONT ST,(RM) Crack Seal,SOMERVILLE AVE,0,2294,25,2294,HIGHLAND AVE,62.41,72.83,11533.72,50
484,Polyline M,5,RT - Residential Local,RM,BC - Bituminous Concrete,ADAMS ST,(RM) Crack Seal,MEDFORD AT,0,980,26,980,BROADWAY (E),62.45,72.97,5124.31,5
485,Polyline M,499,RT - Residential Local,RM,BC - Bituminous Concrete,RICHDALE AVE,(RM) Crack Seal,SCHOOL ST,0,921,26.5,921,SYCAMORE ST,64.49,79.6,4908.41,499
486,Polyline M,497,RT - Residential Local,RM,BC - Bituminous Concrete,RICHARDSON ST,(RM) Crack Seal,LOWELL ST,0,502,23,502,HINCKLEY ST,64.92,81,2322.03,497
487,Polyline M,496,RT - Residential Local,PM,BC - Bituminous Concrete,RHODE ISLAND AVE,(PM) Pavement Patching,PENNSYLVANIA AVE,0,308,25,308,CONNECTICUT AVE,57.58,57.12,15896.3,496
488,Polyline M,492,RT - Residential Local,SI,BC - Bituminous Concrete,RAYMOND AVE,"(SI) 2"" Mill & Overlay Local w/ramps",CURTIS ST,0,1386,26.5,1386,NORTH ST,53.23,43,314685.91,492
489,Polyline M,490,RT - Residential Local,PM,BC - Bituminous Concrete,RADCLIFFE RD,(PM) Pavement Patching,WALNUT ST,0,735,24,735,MARSHALL ST,60.79,67.58,36416.8,490
490,Polyline M,49,RE - Residential Dead End,DN,BC - Bituminous Concrete,BELMONT PL,Do Nothing,BELMONT ST,0,180,14.5,180,DEAD END,56.95,97.58,0,49
491,Polyline M,489,RT - Residential Local,PM,BC - Bituminous Concrete,QUINCY ST,(PM) Pavement Patching,SOMERVILLE AVE,0,841,26.5,841,SUMMER ST,57.23,56,46009.28,489
492,Polyline M,488,RT - Residential Local,SI,BC - Bituminous Concrete,PUTNAM ST,"(SI) 2"" Mill & Overlay Local w/ramps",SUMMER ST,0,1322,32.5,1322,HIGHLAND AVE,53.4,43.54,368114.66,488
493,Polyline M,487,RT - Residential Local,DN,BC - Bituminous Concrete,PUTNAM RD,Do Nothing,TEN HILLS RD,0,1208,26.5,1208,SHORE DR,70.38,98.72,0,487
494,Polyline M,486,RT - Residential Local,DN,BC - Bituminous Concrete,PURITAN RD,Do Nothing,TEN HILLS RD,0,1387,26.5,1387,SHORE DR,69.86,97.04,0,486
495,Polyline M,485.1,AR - Arterial,DN,BC - Bituminous Concrete,PROSPECT ST,Do Nothing,WEBSTER AVE,1060,2088,33.5,1028,CAMBRIDGE TOWNLINE,85.01,96.29,0,485
496,Polyline M,485,AR - Arterial,RM,BC - Bituminous Concrete,PROSPECT ST,(RM) Crack Seal,WASHINGTON ST,0,1060,36,1060,WEBSTER AVE,82.98,89.69,7674.4,485
497,Polyline M,483,RT - Residential Local,RM,BC - Bituminous Concrete,PROSPECT HILL PKWY,(RM) Crack Seal,COLUMBUS AVE,0,556,26,556,MUNROE ST,61.78,70.8,2907.26,483
498,Polyline M,482,RT - Residential Local,RM,BC - Bituminous Concrete,PROSPECT HILL AVE,(RM) Crack Seal,MEDFORD ST,0,645,26.5,645,MUNROE ST,61.48,69.82,3437.5,482
499,Polyline M,481,RT - Residential Local,RM,BC - Bituminous Concrete,PROFESSORS ROW,(RM) Crack Seal,COLLEGE AVE,0,2050,28,2050,CURTIS ST,62.58,73.39,11543.78,481
500,Polyline M,478,RT - Residential Local,DN,BC - Bituminous Concrete,PRINCETON ST,Do Nothing,ALPINE ST,0,676,26.5,676,LOWELL ST,67.62,89.76,0,478
501,Polyline M,477,RT - Residential Local,DN,BC - Bituminous Concrete,PRICHARD AVE,Do Nothing,MORRISON AVE,0,1210,26.5,1210,BOSTON AVE (S),69.45,95.72,0,477
502,Polyline M,476,RT - Residential Local,PM,BC - Bituminous Concrete,PRESTON RD,(PM) Pavement Patching,SCHOOL ST,0,845,26,845,SUMMER ST,60.52,66.68,45355.82,476
503,Polyline M,475,RT - Residential Local,PM,BC - Bituminous Concrete,PRESCOTT ST,(PM) Pavement Patching,SUMMER ST,0,1163,33,1163,HIGHLAND AVE,59.72,64.1,79231.25,475
504,Polyline M,472,RT - Residential Local,PM,BC - Bituminous Concrete,POWDERHOUSE TER,(PM) Pavement Patching,KIDDER AVE,0,625,26.5,625,LIBERTY AVE,56.52,53.68,34192.4,472
505,Polyline M,471.1,RT - Residential Local,BR,BC - Bituminous Concrete,PORTER ST,(BR) Recon/Reclaim Local w/ramps,SUMMER ST,1265,2109,26,844,HIGHLAND AVE,44.77,15.49,342252.94,471
506,Polyline M,471,RT - Residential Local,PM,BC - Bituminous Concrete,PORTER ST,(PM) Pavement Patching,ELM ST,0,1265,30,1265,SUMMER ST,57.33,56.32,78345.73,471
507,Polyline M,47,RT - Residential Local,DN,BC - Bituminous Concrete,BELKNAP ST,Do Nothing,BROADWAY (E),0,503,26.5,503,HAMILTON RD,68.81,93.62,0,47
508,Polyline M,469,RT - Residential Local,SI,BC - Bituminous Concrete,POPLAR ST,"(SI) 2"" Mill & Overlay Local w/ramps",JOY ST,0,591,42.5,591,McGRATH HWY,52.47,40.54,215200.9,469
509,Polyline M,468,RT - Residential Local,PM,BC - Bituminous Concrete,PLEASANT AVE,(PM) Pavement Patching,WALNUT ST,0,586,25.5,586,VINAL AVE,55.36,49.92,30848.93,468
510,Polyline M,465,RT - Residential Local,PM,BC - Bituminous Concrete,PINCKNEY ST,(PM) Pavement Patching,WASHINGTON ST,0,1240,26,1240,PERKINS ST,58.26,59.36,66557.65,465
511,Polyline M,461,RT - Residential Local,SI,BC - Bituminous Concrete,PERRY ST,"(SI) 2"" Mill & Overlay Local w/ramps",WASHINGTON ST,0,725,27,725,WYATT ST,52.46,40.48,167714.25,461
512,Polyline M,460,CO - Collector,RM,BC - Bituminous Concrete,PERKINS ST,(RM) Crack Seal,BOSTON TOWNLINE,0,1348,25,1348,DEAD END,74.37,79.2,6777.44,460
513,Polyline M,46,RT - Residential Local,RM,BC - Bituminous Concrete,BEECH ST,(RM) Crack Seal,ATHERTON ST,0,380,26.5,380,SOMERVILLE AVE,62.32,72.55,2025.19,46
514,Polyline M,458,RT - Residential Local,PM,BC - Bituminous Concrete,PENNSYLVANIA AVE,(PM) Pavement Patching,BROADWAY (W),0,1511,26.5,1511,DEAD END,55.66,50.88,82663.53,458
515,Polyline M,457,RT - Residential Local,PM,BC - Bituminous Concrete,PEMBROKE ST,(PM) Pavement Patching,SYCAMORE ST,0,470,26,470,CENTRAL ST,54.57,47.36,25227.55,457
516,Polyline M,455.1,RT - Residential Local,RM,BC - Bituminous Concrete,PEARSON RD,(RM) Crack Seal,WARNER ST,646,1763,26.5,1117,DEARBORN RD,61.35,69.4,5952.98,455
517,Polyline M,455,RT - Residential Local,RM,BC - Bituminous Concrete,PEARSON RD,(RM) Crack Seal,BROADWAY (E),0,646,26.5,646,WARNER ST,64.65,80.1,3442.82,455
518,Polyline M,454,RT - Residential Local,DN,BC - Bituminous Concrete,PEARSON AVE,Do Nothing,MORRISON AVE,0,1376,30,1376,BOSTON AVE (S),69.4,95.56,0,454
519,Polyline M,452,RE - Residential Dead End,DN,BC - Bituminous Concrete,PEARL ST PL,Do Nothing,PEARL ST,0,191,14.5,191,DEAD END,57.69,99.98,0,452
520,Polyline M,451.4,CO - Collector,DN,BC - Bituminous Concrete,PEARL ST,Do Nothing,SKILTON AV,4401,4932,34,531,MEDFORD ST,81.32,96.78,0,451
521,Polyline M,451.3,CO - Collector,RM,BC - Bituminous Concrete,PEARL ST,(RM) Crack Seal,100' E OF WALNUT ST,3890,4401,33.5,511,SKILTON AV,73.09,70.05,3442.73,451
522,Polyline M,451.2,CO - Collector,SI,BC - Bituminous Concrete,PEARL ST,"(SI) 3"" Mill & Overlay Art/Col w/ramps",CROSS ST,2445,3890,33.5,1445,100' E OF WALNUT ST,66.05,47.17,491981.46,451
523,Polyline M,451.1,CO - Collector,PM,BC - Bituminous Concrete,PEARL ST,(PM) Pavement Patching,FRANKLIN ST,1401,2445,26,1044,CROSS ST,67.17,50.81,56037.28,451
524,Polyline M,451,CO - Collector,SI,BC - Bituminous Concrete,PEARL ST,"(SI) 3"" Mill & Overlay Art/Col w/ramps",CRESCENT ST,0,1401,32,1401,FRANKLIN ST,65.45,45.21,455642.26,451
525,Polyline M,450,RT - Residential Local,SI,BC - Bituminous Concrete,PAULINA ST,"(SI) 2"" Mill & Overlay Local w/ramps",HOLLAND ST,0,835,26.5,835,BROADWAY (E),53.27,43.12,189583.42,450
526,Polyline M,45,RT - Residential Local,PM,BC - Bituminous Concrete,BEDFORD ST,(PM) Pavement Patching,CAMBRIDGE TOWNLINE,0,174,20,174,SOUTH ST,57.3,56.24,7184.33,45
527,Polyline M,449,RT - Residential Local,RM,BC - Bituminous Concrete,PARTRIDGE AVE,(RM) Crack Seal,VERNON ST,0,1572,24.5,1572,BROADWAY (E),61.89,71.15,7745.59,449
528,Polyline M,448,RT - Residential Local,RM,BC - Bituminous Concrete,PARKER ST,(RM) Crack Seal,WASHINGTON ST,0,249,23,249,FREMONT AVE,64.06,78.2,1151.76,448
529,Polyline M,446,RT - Residential Local,PM,BC - Bituminous Concrete,PARKDALE ST,(PM) Pavement Patching,WASHINGTON ST,0,551,26.5,551,LEWIS ST,60.33,66.08,30144.01,446
530,Polyline M,445,CO - Collector,RM,BC - Bituminous Concrete,PARK ST,(RM) Crack Seal,SOMERVILLE AVE,0,1332,33,1332,CAMBRIDGE TOWNLINE,76.15,79.98,8840.04,445
531,Polyline M,443,CO - Collector,PM,BC - Bituminous Concrete,PARK AVE,(PM) Pavement Patching,COLLEGE AVE,0,516,26.5,516,WALLACE ST,71.03,63.34,28229.15,443
532,Polyline M,441,RT - Residential Local,SI,BC - Bituminous Concrete,PACKARD AVE,"(SI) 2"" Mill & Overlay Local w/ramps",BROADWAY (E),0,1956,40.5,1956,MEDFORD TOWNLINE,50.47,34.04,678722.22,441
533,Polyline M,440,RT - Residential Local,PM,BC - Bituminous Concrete,OSSIPEE RD,(PM) Pavement Patching,MASON ST,0,1417,26,1417,CURTIS ST,55.26,49.6,76058.34,440
534,Polyline M,438,RT - Residential Local,DN,BC - Bituminous Concrete,ORCHARD ST,Do Nothing,CAMBRIDGE TOWNLINE,0,1585,26.5,1585,MEACHAM RD,70.75,99.94,0,438
535,Polyline M,437,RT - Residential Local,PM,BC - Bituminous Concrete,OLIVER ST,(PM) Pavement Patching,FRANKLIN ST,0,1128,26.5,1128,CROSS ST,60.57,66.86,61710.31,437
536,Polyline M,435,RT - Residential Local,RM,BC - Bituminous Concrete,OAKLAND AVE,(RM) Crack Seal,MARSHALL ST,0,475,25.5,475,SCHOOL ST,64.75,80.45,2435.95,435
537,Polyline M,433.1,RT - Residential Local,SI,BC - Bituminous Concrete,OAK ST,"(SI) 2"" Mill & Overlay Local w/ramps",550' N OF CAMBRIDGE TOWNLINE,687,1254,20,567,CAMBRIDGE TOWNLINE,52.26,39.85,97158.6,433
538,Polyline M,433,RT - Residential Local,SI,BC - Bituminous Concrete,OAK ST,"(SI) 2"" Mill & Overlay Local w/ramps",PROSPECT ST,0,687,26.5,687,550' N OF CAMBRIDGE TOWNLINE,47.96,25.88,155980.42,433
539,Polyline M,432,RT - Residential Local,RM,BC - Bituminous Concrete,NORWOOD AVE,(RM) Crack Seal,MEDFORD ST,0,429,26.5,429,BROADWAY (E),65.68,83.45,2286.34,432
540,Polyline M,430,CO - Collector,SI,BC - Bituminous Concrete,NORTH ST,"(SI) 3"" Mill & Overlay Art/Col w/ramps",BROADWAY (E),0,2642,26.5,2642,MEDFORD TOWNLINE,61.5,32.38,711565.25,430
541,Polyline M,427.1,CO - Collector,RM,BC - Bituminous Concrete,NEWTON ST,(RM) Crack Seal,WEBSTER AVE,548,1757,28,1209,MARION ST,78.37,87.19,6808.01,427
542,Polyline M,427,CO - Collector,RM,BC - Bituminous Concrete,NEWTON ST,(RM) Crack Seal,PROSPECT ST,0,548,19.5,548,WEBSTER AVE,78.5,87.61,2149.07,427
543,Polyline M,425,RT - Residential Local,PM,BC - Bituminous Concrete,NEWBURY ST,(PM) Pavement Patching,HOLLAND ST,0,1293,26.5,1293,CAMBRIDGE TOWNLINE,59.91,64.7,70737.22,425
544,Polyline M,424,RE - Residential Dead End,RM,BC - Bituminous Concrete,NEWBERNE ST,(RM) Crack Seal,APPLETON ST,0,215,26,215,MORRISON AVE,52.42,82.86,1124.21,424
545,Polyline M,423,RT - Residential Local,SI,BC - Bituminous Concrete,NEW WASHINGTON ST,"(SI) 2"" Mill & Overlay Local w/ramps",INNER BELT RD,0,1744,45,1744,WASHINGTON ST,52.34,40.12,672399.2,423
546,Polyline M,422,RT - Residential Local,RM,BC - Bituminous Concrete,NEW HAMPSHIRE AVE,(RM) Crack Seal,PENNSYLVANIA AVE,0,292,25,292,VERMONT AVE,64.04,78.12,1468.11,422
547,Polyline M,998,RT - Residential Local,BR,BC - Bituminous Concrete,CONWELL AVE,(BR) Recon/Reclaim Local w/ramps,CURTIS ST,0,1386,27,1386,NORTH ST,46.76,21.98,583658.46,998
548,Polyline M,997,RT - Residential Local,PM,BC - Bituminous Concrete,CURTIS AVE,(PM) Pavement Patching,CURTIS ST,0,693,26.5,693,HILLSDALE RD,60.41,66.32,37912.49,997
549,Polyline M,996,RT - Residential Local,PM,BC - Bituminous Concrete,COLLEGE HILL RD,(PM) Pavement Patching,NORTH ST,0,273,26.5,273,CONWELL AVE,55.06,48.96,14935.16,996
550,Polyline M,995,RT - Residential Local,PM,BC - Bituminous Concrete,CHETWYND RD,(PM) Pavement Patching,CURTIS ST,0,933,26.5,933,WEST ADAMS ST,58.98,61.68,51042.42,995
551,Polyline M,994,RT - Residential Local,PM,BC - Bituminous Concrete,BAILEY ST,(PM) Pavement Patching,WEST ADAMS ST,0,466,26.5,466,NORTH ST,58.66,60.64,25493.8,994
552,Polyline M,993,RT - Residential Local,PM,BC - Bituminous Concrete,BURNHAM ST,(PM) Pavement Patching,BROADWAY,0,625,26,625,POWDER HOUSE BLVD,58.02,58.56,33547.3,993
553,Polyline M,992,RT - Residential Local,RM,BC - Bituminous Concrete,DOW ST,(RM) Crack Seal,POWDER HOUSE BLVD,0,324,26.5,324,WARE ST,63.93,77.76,1726.74,992
554,Polyline M,991,RT - Residential Local,RM,BC - Bituminous Concrete,JAY ST,(RM) Crack Seal,HOLLAND ST,0,579,26.5,579,HOWARD ST,64.63,80.05,3085.74,991
555,Polyline M,990,RT - Residential Local,PM,BC - Bituminous Concrete,CORINTHIAN RD,(PM) Pavement Patching,BROADWAY,0,609,26.5,609,CADY AVE,60.79,67.58,33317.1,990
556,Polyline M,989,RT - Residential Local,PM,BC - Bituminous Concrete,MALVERN AVE,(PM) Pavement Patching,CAMERON AVE,0,462,26.5,462,YORKTOWN ST,60.41,66.32,25274.93,989
557,Polyline M,988,RT - Residential Local,SI,BC - Bituminous Concrete,BROMFIELD RD,"(SI) 2"" Mill & Overlay Local w/ramps",WARNER ST,0,1316,26.5,1316,DEARBORN RD,51.45,37.2,298792.77,988
558,Polyline M,987,RT - Residential Local,PM,BC - Bituminous Concrete,HENRY AVE,(PM) Pavement Patching,HIGHLAND AVE,0,347,26.5,347,LEXINGTON AVE,60.83,67.7,18983.56,987
559,Polyline M,986,RT - Residential Local,RM,BC - Bituminous Concrete,NORFOLK ST,(RM) Crack Seal,CAMBRIDGE TOWNLINE,0,324,27,324,WEBSTER AV,62.54,73.25,1759.32,986
560,Polyline M,985,RT - Residential Local,DN,BC - Bituminous Concrete,NEW RD,Do Nothing,MIDDLESEX AVE,0,680,48,680,ASSEMBLY SQUARE DR,65.54,97.99,0,985
561,Polyline M,984,RT - Residential Local,DN,BC - Bituminous Concrete,MURDOCK ST,Do Nothing,CEDAR ST,0,889,24,885,CLYDE ST,62.76,88.96,0,984
562,Polyline M,983,RT - Residential Local,DN,BC - Bituminous Concrete,FELLSWAY WEST,Do Nothing,BROADWAY,0,1447,34,1447,MYSTIC AVE,66.15,100,0,983
563,Polyline M,982.1,RT - Residential Local,RM,BC - Bituminous Concrete,SHORE DR,(RM) Crack Seal,CREST HILL RD,1164,2698,26,1535,FELLSWAY WEST,57.41,71.57,8026.34,982
564,Polyline M,982,RT - Residential Local,SI,BC - Bituminous Concrete,SHORE DR,"(SI) 2"" Mill & Overlay Local w/ramps",MYSTIC AVE,0,1164,26,1164,CREST HILL RD,46.94,37.55,259295.48,982
565,Polyline M,98.1,CO - Collector,RM,BC - Bituminous Concrete,CENTRAL ST,(RM) Crack Seal,SUMMER ST,1080,4882,26.5,3802,BROADWAY (E),78.78,88.52,20262.55,98
566,Polyline M,98,CO - Collector,DN,BC - Bituminous Concrete,CENTRAL ST,Do Nothing,SOMERVILLE AVE,0,1080,21.5,1080,SUMMER ST,81.18,96.34,0,98
567,Polyline M,96.2,CO - Collector,RM,BC - Bituminous Concrete,CEDAR ST,(RM) Crack Seal,MURDOCK ST,3564,4337,26.5,773,BROADWAY (E),78.18,81.6,4119.67,96
568,Polyline M,96.1,CO - Collector,SI,BC - Bituminous Concrete,CEDAR ST,"(SI) 3"" Mill & Overlay Art/Col w/ramps",HIGHLAND AVE,1751,3564,26.5,1813,MURDOCK ST,64.49,37.08,488292.47,96
569,Polyline M,96,CO - Collector,PM,BC - Bituminous Concrete,CEDAR ST,(PM) Pavement Patching,ELM ST,0,1751,26.5,1751,HIGHLAND AVE,70.61,56.97,95793.28,96
570,Polyline M,95,RT - Residential Local,PM,BC - Bituminous Concrete,CEDAR AVE,(PM) Pavement Patching,CEDAR ST,0,330,14.5,330,LINDEN AVE,54.52,47.2,9878.43,95
571,Polyline M,93,RE - Residential Dead End,DN,BC - Bituminous Concrete,CARTER TERR,Do Nothing,SUMMER ST,0,189,26.5,189,DEAD END,57.68,99.97,0,93
572,Polyline M,92,RT - Residential Local,DN,BC - Bituminous Concrete,CARLTON ST,Do Nothing,SOMERVILLE AVE,0,348,26.5,348,LAKE ST,67.66,89.88,0,92
